fir_id,station,district,date,crime_type,accused_name,accused_description,location,modus_operandi,victim_profile,repeat_offender_signature,raw_text
FIR/2024/00001,Chandkheda PS,Ahmedabad,2024-01-23,Burglary,,Priya Rao,shop,cut a grill,family residence,,Complainant reported a burglary incident at shop. An accused person was described as Priya Rao. Modus operandi: cut a grill. Victim profile: family residence. No established connection to another FIR is recorded in this narrative.
FIR/2024/00002,Karelibaug PS,Vadodara,2024-01-07,Extortion,,Kavita Bhatt,online messaging platform,demanded money using threats,business owner,,Complainant reported a extortion incident at online messaging platform. An accused person was described as Kavita Bhatt. Modus operandi: demanded money using threats. Victim profile: business owner. No established connection to another FIR is recorded in this narrative.
FIR/2024/00003,Vastrapur PS,Ahmedabad,2024-02-21,Cybercrime - Harassment,,Bhavna Yadav,fake profile,sent threatening messages online,student,,Complainant reported a cybercrime - harassment incident at fake profile. An accused person was described as Bhavna Yadav. Modus operandi: sent threatening messages online. Victim profile: student. No established connection to another FIR is recorded in this narrative.
FIR/2024/00004,Naranpura PS,Ahmedabad,2024-03-17,Financial Fraud,,Jignesh Shah,loan service,collected an advance and became unreachable,property owner,,Complainant reported a financial fraud incident at loan service. An accused person was described as Jignesh Shah. Modus operandi: collected an advance and became unreachable. Victim profile: property owner. No established connection to another FIR is recorded in this narrative.
FIR/2024/00005,Paldi PS,Ahmedabad,2024-02-08,Financial Fraud,,Ritika Rao,loan service,promised high returns and collected money,property owner,,Complainant reported a financial fraud incident at loan service. An accused person was described as Ritika Rao. Modus operandi: promised high returns and collected money. Victim profile: property owner. No established connection to another FIR is recorded in this narrative.
FIR/2024/00006,Sector 12 PS,Ahmedabad,2024-02-08,Kidnapping,,Seema Solanki,school vicinity,lured the victim into a vehicle,young adult,,Complainant reported a kidnapping incident at school vicinity. An accused person was described as Seema Solanki. Modus operandi: lured the victim into a vehicle. Victim profile: young adult. No established connection to another FIR is recorded in this narrative.
FIR/2024/00007,Sector 12 PS,Ahmedabad,2024-02-19,Kidnapping,,Ritika Iyer,residential street,attempted abduction near a public place,minor,,Complainant reported a kidnapping incident at residential street. An accused person was described as Ritika Iyer. Modus operandi: attempted abduction near a public place. Victim profile: minor. No established connection to another FIR is recorded in this narrative.
FIR/2024/00008,Sector 12 PS,Ahmedabad,2024-03-23,Assault,,Anjali Mehta,road junction,assault with a blunt object,shop employee,,Complainant reported a assault incident at road junction. An accused person was described as Anjali Mehta. Modus operandi: assault with a blunt object. Victim profile: shop employee. No established connection to another FIR is recorded in this narrative.
FIR/2024/00009,Chandkheda PS,Ahmedabad,2024-02-01,Kidnapping,,Amit Patel,tuition center,attempted abduction near a public place,young adult,,Complainant reported a kidnapping incident at tuition center. An accused person was described as Amit Patel. Modus operandi: attempted abduction near a public place. Victim profile: young adult. No established connection to another FIR is recorded in this narrative.
FIR/2024/00010,Paldi PS,Ahmedabad,2024-03-22,Cyber Fraud,Sunil Yadav,male caller using social engineering; phone ending 4471,online banking account,sent a fake payment link,online shopper,,Complainant reported a cyber fraud incident at online banking account. The accused was described as male caller using social engineering; phone ending 4471 and identified in the report as Sunil Yadav. Modus operandi: sent a fake payment link. Victim profile: online shopper. Investigation is ongoing and the possible connection to other cases requires verification.
FIR/2024/00011,Naranpura PS,Ahmedabad,2024-03-27,Assault,,Anil Chauhan,residential society,assault with a blunt object,shop employee,,Complainant reported a assault incident at residential society. An accused person was described as Anil Chauhan. Modus operandi: assault with a blunt object. Victim profile: shop employee. No established connection to another FIR is recorded in this narrative.
FIR/2024/00012,Vastrapur PS,Ahmedabad,2024-03-15,Financial Fraud,,Anjali Iyer,business transaction,posed as an investment agent,elderly investor,,Complainant reported a financial fraud incident at business transaction. An accused person was described as Anjali Iyer. Modus operandi: posed as an investment agent. Victim profile: elderly investor. No established connection to another FIR is recorded in this narrative.
FIR/2024/00013,Paldi PS,Ahmedabad,2024-02-27,Cattle Theft,,Priya Desai,village road,cut the cattle-shed lock,farmer,,Complainant reported a cattle theft incident at village road. An accused person was described as Priya Desai. Modus operandi: cut the cattle-shed lock. Victim profile: farmer. No established connection to another FIR is recorded in this narrative.
FIR/2024/00014,Varachha PS,Surat,2024-03-12,Cattle Theft,,Anjali Iyer,rural market,transported animals in a vehicle,farmer,,Complainant reported a cattle theft incident at rural market. An accused person was described as Anjali Iyer. Modus operandi: transported animals in a vehicle. Victim profile: farmer. No established connection to another FIR is recorded in this narrative.
FIR/2024/00015,Alkapuri PS,Vadodara,2024-02-18,Industrial Theft,,Pooja Shah,industrial unit,stole copper wiring,warehouse operator,,Complainant reported a industrial theft incident at industrial unit. An accused person was described as Pooja Shah. Modus operandi: stole copper wiring. Victim profile: warehouse operator. No established connection to another FIR is recorded in this narrative.
FIR/2024/00016,Varachha PS,Surat,2024-02-12,Assault,,Seema Solanki,road junction,road-rage confrontation,shop employee,,Complainant reported a assault incident at road junction. An accused person was described as Seema Solanki. Modus operandi: road-rage confrontation. Victim profile: shop employee. No established connection to another FIR is recorded in this narrative.
FIR/2024/00017,Alkapuri PS,Vadodara,2024-01-16,Robbery,,Rohit Thakor,market lane,two masked persons threatened staff,business owner,,Complainant reported a robbery incident at market lane. An accused person was described as Rohit Thakor. Modus operandi: two masked persons threatened staff. Victim profile: business owner. No established connection to another FIR is recorded in this narrative.
FIR/2024/00018,Athwa PS,Surat,2024-03-27,Assault,,Pooja Mehta,local bar,attack following an argument,adult male,,Complainant reported a assault incident at local bar. An accused person was described as Pooja Mehta. Modus operandi: attack following an argument. Victim profile: adult male. No established connection to another FIR is recorded in this narrative.
FIR/2024/00019,Karelibaug PS,Vadodara,2024-02-17,Vehicle Theft,,Deepak Prajapati,parking area,tampered with ignition,adult female vehicle owner,,Complainant reported a vehicle theft incident at parking area. An accused person was described as Deepak Prajapati. Modus operandi: tampered with ignition. Victim profile: adult female vehicle owner. No established connection to another FIR is recorded in this narrative.
FIR/2024/00020,Bopal PS,Ahmedabad,2024-01-10,Cattle Theft,,Deepak Patel,cattle shed,cut the cattle-shed lock,farmer,,Complainant reported a cattle theft incident at cattle shed. An accused person was described as Deepak Patel. Modus operandi: cut the cattle-shed lock. Victim profile: farmer. No established connection to another FIR is recorded in this narrative.
FIR/2024/00021,Bopal PS,Ahmedabad,2024-03-13,Burglary,,Suresh Yadav,shop,entered through balcony,family residence,,Complainant reported a burglary incident at shop. An accused person was described as Suresh Yadav. Modus operandi: entered through balcony. Victim profile: family residence. No established connection to another FIR is recorded in this narrative.
FIR/2024/00022,Varachha PS,Surat,2024-02-19,Extortion,,Suresh Rathod,business premises,threatened to release private images,adult man,,Complainant reported a extortion incident at business premises. An accused person was described as Suresh Rathod. Modus operandi: threatened to release private images. Victim profile: adult man. No established connection to another FIR is recorded in this narrative.
FIR/2024/00023,Paldi PS,Ahmedabad,2024-02-02,Financial Fraud,,Anil Bhatt,property transaction,promised high returns and collected money,small business owner,,Complainant reported a financial fraud incident at property transaction. An accused person was described as Anil Bhatt. Modus operandi: promised high returns and collected money. Victim profile: small business owner. No established connection to another FIR is recorded in this narrative.
FIR/2024/00024,Vastrapur PS,Ahmedabad,2024-01-21,Robbery,,Neha Desai,roadside shop,two masked persons threatened staff,shopkeeper,,Complainant reported a robbery incident at roadside shop. An accused person was described as Neha Desai. Modus operandi: two masked persons threatened staff. Victim profile: shopkeeper. No established connection to another FIR is recorded in this narrative.
FIR/2024/00025,Athwa PS,Surat,2024-02-10,Chain Snatching,Iqbal S.,"male rider on a black motorcycle, no helmet",lake road,grabbed necklace while riding past,adult male pedestrian,,"Complainant reported a chain snatching incident at lake road. The accused was described as male rider on a black motorcycle, no helmet and identified in the report as Iqbal S.. Modus operandi: grabbed necklace while riding past. Victim profile: adult male pedestrian. Investigation is ongoing and the possible connection to other cases requires verification."
FIR/2024/00026,Naranpura PS,Ahmedabad,2024-03-13,Assault,,Kavita Rathod,residential society,physical altercation,adult male,,Complainant reported a assault incident at residential society. An accused person was described as Kavita Rathod. Modus operandi: physical altercation. Victim profile: adult male. No established connection to another FIR is recorded in this narrative.
FIR/2024/00027,Paldi PS,Ahmedabad,2024-02-18,Vehicle Theft,,Pooja Prajapati,shopping complex parking,tampered with ignition,delivery worker,,Complainant reported a vehicle theft incident at shopping complex parking. An accused person was described as Pooja Prajapati. Modus operandi: tampered with ignition. Victim profile: delivery worker. No established connection to another FIR is recorded in this narrative.
FIR/2024/00028,Sector 12 PS,Ahmedabad,2024-01-04,Burglary,,Falguni Solanki,apartment,broke door lock,family residence,,Complainant reported a burglary incident at apartment. An accused person was described as Falguni Solanki. Modus operandi: broke door lock. Victim profile: family residence. No established connection to another FIR is recorded in this narrative.
FIR/2024/00029,Paldi PS,Ahmedabad,2024-03-27,Financial Fraud,,Jignesh Rao,online investment platform,collected an advance and became unreachable,property owner,,Complainant reported a financial fraud incident at online investment platform. An accused person was described as Jignesh Rao. Modus operandi: collected an advance and became unreachable. Victim profile: property owner. No established connection to another FIR is recorded in this narrative.
FIR/2024/00030,Vastrapur PS,Ahmedabad,2024-02-18,Robbery,,Vijay Chauhan,cash collection point,snatched cash and fled,business owner,,Complainant reported a robbery incident at cash collection point. An accused person was described as Vijay Chauhan. Modus operandi: snatched cash and fled. Victim profile: business owner. No established connection to another FIR is recorded in this narrative.
FIR/2024/00031,Paldi PS,Ahmedabad,2024-01-12,Kidnapping,,Harish Iyer,market area,forced the victim into a vehicle,minor,,Complainant reported a kidnapping incident at market area. An accused person was described as Harish Iyer. Modus operandi: forced the victim into a vehicle. Victim profile: minor. No established connection to another FIR is recorded in this narrative.
FIR/2024/00032,Vastrapur PS,Ahmedabad,2024-01-12,Burglary,,Jignesh Thakor,shop,used a copied key,family residence,,Complainant reported a burglary incident at shop. An accused person was described as Jignesh Thakor. Modus operandi: used a copied key. Victim profile: family residence. No established connection to another FIR is recorded in this narrative.
FIR/2024/00033,Bopal PS,Ahmedabad,2024-01-21,Assault,,Amit Joshi,market,road-rage confrontation,shop employee,,Complainant reported a assault incident at market. An accused person was described as Amit Joshi. Modus operandi: road-rage confrontation. Victim profile: shop employee. No established connection to another FIR is recorded in this narrative.
FIR/2024/00034,Sector 12 PS,Ahmedabad,2024-03-15,Extortion,,Seema Thakor,social media,used repeated threatening calls,adult woman,,Complainant reported a extortion incident at social media. An accused person was described as Seema Thakor. Modus operandi: used repeated threatening calls. Victim profile: adult woman. No established connection to another FIR is recorded in this narrative.
FIR/2024/00035,Varachha PS,Surat,2024-02-18,Financial Fraud,,Suresh Desai,property transaction,posed as an investment agent,small business owner,,Complainant reported a financial fraud incident at property transaction. An accused person was described as Suresh Desai. Modus operandi: posed as an investment agent. Victim profile: small business owner. No established connection to another FIR is recorded in this narrative.
FIR/2024/00036,Alkapuri PS,Vadodara,2024-01-21,Cattle Theft,,Suresh Thakor,rural market,cut the cattle-shed lock,dairy farmer,,Complainant reported a cattle theft incident at rural market. An accused person was described as Suresh Thakor. Modus operandi: cut the cattle-shed lock. Victim profile: dairy farmer. No established connection to another FIR is recorded in this narrative.
FIR/2024/00037,Athwa PS,Surat,2024-02-04,Cyber Fraud,,Rahul Yadav,online marketplace,sent a phishing SMS,UPI user,,Complainant reported a cyber fraud incident at online marketplace. An accused person was described as Rahul Yadav. Modus operandi: sent a phishing SMS. Victim profile: UPI user. No established connection to another FIR is recorded in this narrative.
FIR/2024/00038,Alkapuri PS,Vadodara,2024-01-15,Assault,,Suresh Joshi,parking area,road-rage confrontation,adult male,,Complainant reported a assault incident at parking area. An accused person was described as Suresh Joshi. Modus operandi: road-rage confrontation. Victim profile: adult male. No established connection to another FIR is recorded in this narrative.
FIR/2024/00039,Paldi PS,Ahmedabad,2024-01-09,Cattle Theft,,Meena Joshi,village road,transported animals in a vehicle,livestock owner,,Complainant reported a cattle theft incident at village road. An accused person was described as Meena Joshi. Modus operandi: transported animals in a vehicle. Victim profile: livestock owner. No established connection to another FIR is recorded in this narrative.
FIR/2024/00040,Athwa PS,Surat,2024-03-04,Cyber Fraud,Sunil Yadav,male caller using social engineering; phone ending 4471,online marketplace,sent a phishing SMS,UPI user,,Complainant reported a cyber fraud incident at online marketplace. The accused was described as male caller using social engineering; phone ending 4471 and identified in the report as Sunil Yadav. Modus operandi: sent a phishing SMS. Victim profile: UPI user. Investigation is ongoing and the possible connection to other cases requires verification.
FIR/2024/00041,Karelibaug PS,Vadodara,2024-03-21,Narcotics,,Kavita Rathod,warehouse area,transported packets in a backpack,intercepted courier,,Complainant reported a narcotics incident at warehouse area. An accused person was described as Kavita Rathod. Modus operandi: transported packets in a backpack. Victim profile: intercepted courier. No established connection to another FIR is recorded in this narrative.
FIR/2024/00042,Karelibaug PS,Vadodara,2024-03-04,Burglary,Mahesh Joshi,heavyset male with a mustache,apartment,cut a grill,family residence,,Complainant reported a burglary incident at apartment. The accused was described as heavyset male with a mustache and identified in the report as Mahesh Joshi. Modus operandi: cut a grill. Victim profile: family residence. Investigation is ongoing and the possible connection to other cases requires verification.
FIR/2024/00043,Athwa PS,Surat,2024-03-02,Extortion,,Kavita Solanki,phone call,demanded money using threats,adult woman,,Complainant reported a extortion incident at phone call. An accused person was described as Kavita Solanki. Modus operandi: demanded money using threats. Victim profile: adult woman. No established connection to another FIR is recorded in this narrative.
FIR/2024/00044,Paldi PS,Ahmedabad,2024-03-07,Robbery,,Ritika Trivedi,roadside shop,two masked persons threatened staff,cashier,,Complainant reported a robbery incident at roadside shop. An accused person was described as Ritika Trivedi. Modus operandi: two masked persons threatened staff. Victim profile: cashier. No established connection to another FIR is recorded in this narrative.
FIR/2024/00045,Varachha PS,Surat,2024-01-13,Cybercrime - Harassment,,Neha Prajapati,social media,sent threatening messages online,young adult,,Complainant reported a cybercrime - harassment incident at social media. An accused person was described as Neha Prajapati. Modus operandi: sent threatening messages online. Victim profile: young adult. No established connection to another FIR is recorded in this narrative.
FIR/2024/00046,Vastrapur PS,Ahmedabad,2024-03-02,Cyber Fraud,,Bhavna Thakor,online marketplace,sent a phishing SMS,elderly account holder,,Complainant reported a cyber fraud incident at online marketplace. An accused person was described as Bhavna Thakor. Modus operandi: sent a phishing SMS. Victim profile: elderly account holder. No established connection to another FIR is recorded in this narrative.
FIR/2024/00047,Paldi PS,Ahmedabad,2024-02-11,Cattle Theft,,Ritika Chauhan,cattle shed,cut the cattle-shed lock,dairy farmer,,Complainant reported a cattle theft incident at cattle shed. An accused person was described as Ritika Chauhan. Modus operandi: cut the cattle-shed lock. Victim profile: dairy farmer. No established connection to another FIR is recorded in this narrative.
FIR/2024/00048,Vastrapur PS,Ahmedabad,2024-03-23,Industrial Theft,,Bhavna Chauhan,construction site,stole copper wiring,site manager,,Complainant reported a industrial theft incident at construction site. An accused person was described as Bhavna Chauhan. Modus operandi: stole copper wiring. Victim profile: site manager. No established connection to another FIR is recorded in this narrative.
FIR/2024/00049,Chandkheda PS,Ahmedabad,2024-03-03,Chain Snatching,,Priya Yadav,market road,grabbed necklace while riding past,adult female pedestrian,,Complainant reported a chain snatching incident at market road. An accused person was described as Priya Yadav. Modus operandi: grabbed necklace while riding past. Victim profile: adult female pedestrian. No established connection to another FIR is recorded in this narrative.
FIR/2024/00050,Vastrapur PS,Ahmedabad,2024-02-14,Burglary,,Rohit Trivedi,shop,cut a grill,family residence,,Complainant reported a burglary incident at shop. An accused person was described as Rohit Trivedi. Modus operandi: cut a grill. Victim profile: family residence. No established connection to another FIR is recorded in this narrative.
FIR/2024/00051,Varachha PS,Surat,2024-02-02,Industrial Theft,,Anil Yadav,warehouse,stole copper wiring,site manager,,Complainant reported a industrial theft incident at warehouse. An accused person was described as Anil Yadav. Modus operandi: stole copper wiring. Victim profile: site manager. No established connection to another FIR is recorded in this narrative.
FIR/2024/00052,Chandkheda PS,Ahmedabad,2024-01-01,Assault,,Neha Bhatt,road junction,attack following an argument,adult female,,Complainant reported a assault incident at road junction. An accused person was described as Neha Bhatt. Modus operandi: attack following an argument. Victim profile: adult female. No established connection to another FIR is recorded in this narrative.
FIR/2024/00053,Varachha PS,Surat,2024-02-21,Extortion,,Bhavna Rathod,social media,used repeated threatening calls,adult woman,,Complainant reported a extortion incident at social media. An accused person was described as Bhavna Rathod. Modus operandi: used repeated threatening calls. Victim profile: adult woman. No established connection to another FIR is recorded in this narrative.
FIR/2024/00054,Chandkheda PS,Ahmedabad,2024-01-02,Kidnapping,,Pooja Bhatt,tuition center,attempted abduction near a public place,minor,,Complainant reported a kidnapping incident at tuition center. An accused person was described as Pooja Bhatt. Modus operandi: attempted abduction near a public place. Victim profile: minor. No established connection to another FIR is recorded in this narrative.
FIR/2024/00055,Vastrapur PS,Ahmedabad,2024-01-16,Cattle Theft,,Deepak Yadav,rural market,removed livestock overnight,livestock owner,,Complainant reported a cattle theft incident at rural market. An accused person was described as Deepak Yadav. Modus operandi: removed livestock overnight. Victim profile: livestock owner. No established connection to another FIR is recorded in this narrative.
FIR/2024/00056,Alkapuri PS,Vadodara,2024-01-12,Cybercrime - Harassment,,Harish Thakor,email,sent repeated abusive messages,student,,Complainant reported a cybercrime - harassment incident at email. An accused person was described as Harish Thakor. Modus operandi: sent repeated abusive messages. Victim profile: student. No established connection to another FIR is recorded in this narrative.
FIR/2024/00057,Varachha PS,Surat,2024-03-10,Burglary,,Jignesh Joshi,warehouse,used a copied key,family residence,,Complainant reported a burglary incident at warehouse. An accused person was described as Jignesh Joshi. Modus operandi: used a copied key. Victim profile: family residence. No established connection to another FIR is recorded in this narrative.
FIR/2024/00058,Sector 12 PS,Ahmedabad,2024-03-01,Narcotics,,Bhavna Joshi,bus stand,transported packets in a backpack,public-order case,,Complainant reported a narcotics incident at bus stand. An accused person was described as Bhavna Joshi. Modus operandi: transported packets in a backpack. Victim profile: public-order case. No established connection to another FIR is recorded in this narrative.
FIR/2024/00059,Paldi PS,Ahmedabad,2024-03-11,Extortion,,Seema Desai,phone call,demanded payment to stop harassment,adult woman,,Complainant reported a extortion incident at phone call. An accused person was described as Seema Desai. Modus operandi: demanded payment to stop harassment. Victim profile: adult woman. No established connection to another FIR is recorded in this narrative.
FIR/2024/00060,Paldi PS,Ahmedabad,2024-03-19,Kidnapping,,Vijay Patel,school vicinity,lured the victim into a vehicle,minor,,Complainant reported a kidnapping incident at school vicinity. An accused person was described as Vijay Patel. Modus operandi: lured the victim into a vehicle. Victim profile: minor. No established connection to another FIR is recorded in this narrative.
FIR/2024/00061,Bopal PS,Ahmedabad,2024-03-09,Cybercrime - Harassment,,Meena Joshi,fake profile,created a fake profile,student,,Complainant reported a cybercrime - harassment incident at fake profile. An accused person was described as Meena Joshi. Modus operandi: created a fake profile. Victim profile: student. No established connection to another FIR is recorded in this narrative.
FIR/2024/00062,Vastrapur PS,Ahmedabad,2024-01-21,Assault,,Karan Yadav,residential society,assault with a blunt object,shop employee,,Complainant reported a assault incident at residential society. An accused person was described as Karan Yadav. Modus operandi: assault with a blunt object. Victim profile: shop employee. No established connection to another FIR is recorded in this narrative.
FIR/2024/00063,Vastrapur PS,Ahmedabad,2024-01-18,Cybercrime - Harassment,,Harish Mehta,fake profile,used stolen photographs,professional woman,,Complainant reported a cybercrime - harassment incident at fake profile. An accused person was described as Harish Mehta. Modus operandi: used stolen photographs. Victim profile: professional woman. No established connection to another FIR is recorded in this narrative.
FIR/2024/00064,Sector 12 PS,Ahmedabad,2024-01-25,Chain Snatching,,Jignesh Rathod,residential street,snatched gold chain from a pedestrian,adult female pedestrian,,Complainant reported a chain snatching incident at residential street. An accused person was described as Jignesh Rathod. Modus operandi: snatched gold chain from a pedestrian. Victim profile: adult female pedestrian. No established connection to another FIR is recorded in this narrative.
FIR/2024/00065,Paldi PS,Ahmedabad,2024-01-05,Industrial Theft,,Meena Solanki,GIDC premises,removed machinery parts,site manager,,Complainant reported a industrial theft incident at GIDC premises. An accused person was described as Meena Solanki. Modus operandi: removed machinery parts. Victim profile: site manager. No established connection to another FIR is recorded in this narrative.
FIR/2024/00066,Vastrapur PS,Ahmedabad,2024-01-18,Vehicle Theft,,Rohit Joshi,residential lane,broke steering lock,adult female vehicle owner,,Complainant reported a vehicle theft incident at residential lane. An accused person was described as Rohit Joshi. Modus operandi: broke steering lock. Victim profile: adult female vehicle owner. No established connection to another FIR is recorded in this narrative.
FIR/2024/00067,Naranpura PS,Ahmedabad,2024-02-20,Kidnapping,,Bhavna Rathod,tuition center,abducted the victim during transit,adult female,,Complainant reported a kidnapping incident at tuition center. An accused person was described as Bhavna Rathod. Modus operandi: abducted the victim during transit. Victim profile: adult female. No established connection to another FIR is recorded in this narrative.
FIR/2024/00068,Varachha PS,Surat,2024-01-13,Financial Fraud,,Neha Thakor,investment office,promised high returns and collected money,elderly investor,,Complainant reported a financial fraud incident at investment office. An accused person was described as Neha Thakor. Modus operandi: promised high returns and collected money. Victim profile: elderly investor. No established connection to another FIR is recorded in this narrative.
FIR/2024/00069,Varachha PS,Surat,2024-01-06,Chain Snatching,,Bhavna Bhatt,residential street,targeted pedestrian and escaped on motorcycle,elderly woman,,Complainant reported a chain snatching incident at residential street. An accused person was described as Bhavna Bhatt. Modus operandi: targeted pedestrian and escaped on motorcycle. Victim profile: elderly woman. No established connection to another FIR is recorded in this narrative.
FIR/2024/00070,Bopal PS,Ahmedabad,2024-01-11,Industrial Theft,,Priya Rathod,factory premises,stole copper wiring,contractor,,Complainant reported a industrial theft incident at factory premises. An accused person was described as Priya Rathod. Modus operandi: stole copper wiring. Victim profile: contractor. No established connection to another FIR is recorded in this narrative.
FIR/2024/00071,Vastrapur PS,Ahmedabad,2024-02-14,Burglary,,Amit Mehta,residence,used a copied key,small business owner,,Complainant reported a burglary incident at residence. An accused person was described as Amit Mehta. Modus operandi: used a copied key. Victim profile: small business owner. No established connection to another FIR is recorded in this narrative.
FIR/2024/00072,Vastrapur PS,Ahmedabad,2024-02-03,Robbery,,Vijay Patel,petrol pump,threatened with knife,delivery employee,,Complainant reported a robbery incident at petrol pump. An accused person was described as Vijay Patel. Modus operandi: threatened with knife. Victim profile: delivery employee. No established connection to another FIR is recorded in this narrative.
FIR/2024/00073,Karelibaug PS,Vadodara,2024-01-06,Vehicle Theft,,Deepak Thakor,shopping complex parking,used duplicate key,adult female vehicle owner,,Complainant reported a vehicle theft incident at shopping complex parking. An accused person was described as Deepak Thakor. Modus operandi: used duplicate key. Victim profile: adult female vehicle owner. No established connection to another FIR is recorded in this narrative.
FIR/2024/00074,Bopal PS,Ahmedabad,2024-01-22,Kidnapping,,Deepak Desai,tuition center,abducted the victim during transit,adult male,,Complainant reported a kidnapping incident at tuition center. An accused person was described as Deepak Desai. Modus operandi: abducted the victim during transit. Victim profile: adult male. No established connection to another FIR is recorded in this narrative.
FIR/2024/00075,Sector 12 PS,Ahmedabad,2024-03-14,Cattle Theft,,Vijay Rathod,cattle shed,transported animals in a vehicle,livestock owner,,Complainant reported a cattle theft incident at cattle shed. An accused person was described as Vijay Rathod. Modus operandi: transported animals in a vehicle. Victim profile: livestock owner. No established connection to another FIR is recorded in this narrative.
FIR/2024/00076,Naranpura PS,Ahmedabad,2024-03-08,Industrial Theft,,Vijay Mehta,GIDC premises,tampered with gate lock,contractor,,Complainant reported a industrial theft incident at GIDC premises. An accused person was described as Vijay Mehta. Modus operandi: tampered with gate lock. Victim profile: contractor. No established connection to another FIR is recorded in this narrative.
FIR/2024/00077,Alkapuri PS,Vadodara,2024-01-20,Kidnapping,,Amit Rathod,tuition center,abducted the victim during transit,adult male,,Complainant reported a kidnapping incident at tuition center. An accused person was described as Amit Rathod. Modus operandi: abducted the victim during transit. Victim profile: adult male. No established connection to another FIR is recorded in this narrative.
FIR/2024/00078,Varachha PS,Surat,2024-03-28,Vehicle Theft,,Bhavna Thakor,shopping complex parking,broke steering lock,adult female vehicle owner,,Complainant reported a vehicle theft incident at shopping complex parking. An accused person was described as Bhavna Thakor. Modus operandi: broke steering lock. Victim profile: adult female vehicle owner. No established connection to another FIR is recorded in this narrative.
FIR/2024/00079,Naranpura PS,Ahmedabad,2024-03-21,Cattle Theft,,Bhavna Patel,village road,removed livestock overnight,farmer,,Complainant reported a cattle theft incident at village road. An accused person was described as Bhavna Patel. Modus operandi: removed livestock overnight. Victim profile: farmer. No established connection to another FIR is recorded in this narrative.
FIR/2024/00080,Sector 12 PS,Ahmedabad,2024-01-11,Industrial Theft,,Neha Rathod,industrial unit,removed equipment during night shift,warehouse operator,,Complainant reported a industrial theft incident at industrial unit. An accused person was described as Neha Rathod. Modus operandi: removed equipment during night shift. Victim profile: warehouse operator. No established connection to another FIR is recorded in this narrative.
FIR/2024/00081,Naranpura PS,Ahmedabad,2024-03-26,Financial Fraud,,Jignesh Mehta,property transaction,collected an advance and became unreachable,retail investor,,Complainant reported a financial fraud incident at property transaction. An accused person was described as Jignesh Mehta. Modus operandi: collected an advance and became unreachable. Victim profile: retail investor. No established connection to another FIR is recorded in this narrative.
FIR/2024/00082,Naranpura PS,Ahmedabad,2024-02-05,Cyber Fraud,,Anil Patel,UPI transaction,posed as a bank official and requested OTP,elderly account holder,,Complainant reported a cyber fraud incident at UPI transaction. An accused person was described as Anil Patel. Modus operandi: posed as a bank official and requested OTP. Victim profile: elderly account holder. No established connection to another FIR is recorded in this narrative.
FIR/2024/00083,Sector 12 PS,Ahmedabad,2024-02-14,Financial Fraud,Arjun Mehta,male investment agent using a high-return scheme,business transaction,promised high returns and collected money,retail investor,,Complainant reported a financial fraud incident at business transaction. The accused was described as male investment agent using a high-return scheme and identified in the report as Arjun Mehta. Modus operandi: promised high returns and collected money. Victim profile: retail investor. Investigation is ongoing and the possible connection to other cases requires verification.
FIR/2024/00084,Alkapuri PS,Vadodara,2024-01-14,Industrial Theft,,Falguni Prajapati,warehouse,removed equipment during night shift,contractor,,Complainant reported a industrial theft incident at warehouse. An accused person was described as Falguni Prajapati. Modus operandi: removed equipment during night shift. Victim profile: contractor. No established connection to another FIR is recorded in this narrative.
FIR/2024/00085,Vastrapur PS,Ahmedabad,2024-03-03,Industrial Theft,Nitin Solanki,male linked to night-shift equipment theft,industrial unit,removed equipment during night shift,factory owner,,Complainant reported a industrial theft incident at industrial unit. The accused was described as male linked to night-shift equipment theft and identified in the report as Nitin Solanki. Modus operandi: removed equipment during night shift. Victim profile: factory owner. Investigation is ongoing and the possible connection to other cases requires verification.
FIR/2024/00086,Karelibaug PS,Vadodara,2024-03-12,Burglary,,Anil Desai,office,entered through balcony,shop owner,,Complainant reported a burglary incident at office. An accused person was described as Anil Desai. Modus operandi: entered through balcony. Victim profile: shop owner. No established connection to another FIR is recorded in this narrative.
FIR/2024/00087,Naranpura PS,Ahmedabad,2024-02-21,Financial Fraud,,Anjali Thakor,loan service,collected an advance and became unreachable,elderly investor,,Complainant reported a financial fraud incident at loan service. An accused person was described as Anjali Thakor. Modus operandi: collected an advance and became unreachable. Victim profile: elderly investor. No established connection to another FIR is recorded in this narrative.
FIR/2024/00088,Vastrapur PS,Ahmedabad,2024-03-01,Chain Snatching,,Jignesh Rathod,bus stop,grabbed necklace while riding past,adult male pedestrian,,Complainant reported a chain snatching incident at bus stop. An accused person was described as Jignesh Rathod. Modus operandi: grabbed necklace while riding past. Victim profile: adult male pedestrian. No established connection to another FIR is recorded in this narrative.
FIR/2024/00089,Bopal PS,Ahmedabad,2024-03-27,Industrial Theft,,Kavita Prajapati,industrial unit,removed equipment during night shift,warehouse operator,,Complainant reported a industrial theft incident at industrial unit. An accused person was described as Kavita Prajapati. Modus operandi: removed equipment during night shift. Victim profile: warehouse operator. No established connection to another FIR is recorded in this narrative.
FIR/2024/00090,Naranpura PS,Ahmedabad,2024-02-03,Narcotics,,Bhavna Yadav,market area,carried suspected contraband on motorcycle,intercepted courier,,Complainant reported a narcotics incident at market area. An accused person was described as Bhavna Yadav. Modus operandi: carried suspected contraband on motorcycle. Victim profile: intercepted courier. No established connection to another FIR is recorded in this narrative.
FIR/2024/00091,Alkapuri PS,Vadodara,2024-02-24,Cyber Fraud,,Harish Patel,online banking account,sent a phishing SMS,bank customer,,Complainant reported a cyber fraud incident at online banking account. An accused person was described as Harish Patel. Modus operandi: sent a phishing SMS. Victim profile: bank customer. No established connection to another FIR is recorded in this narrative.
FIR/2024/00092,Varachha PS,Surat,2024-03-04,Cybercrime - Harassment,,Falguni Mehta,email,created a fake profile,young adult,,Complainant reported a cybercrime - harassment incident at email. An accused person was described as Falguni Mehta. Modus operandi: created a fake profile. Victim profile: young adult. No established connection to another FIR is recorded in this narrative.
FIR/2024/00093,Vastrapur PS,Ahmedabad,2024-01-05,Extortion,,Meena Trivedi,WhatsApp,demanded payment to stop harassment,adult woman,,Complainant reported a extortion incident at WhatsApp. An accused person was described as Meena Trivedi. Modus operandi: demanded payment to stop harassment. Victim profile: adult woman. No established connection to another FIR is recorded in this narrative.
FIR/2024/00094,Naranpura PS,Ahmedabad,2024-01-12,Vehicle Theft,,Jignesh Thakor,market parking,broke steering lock,adult female vehicle owner,,Complainant reported a vehicle theft incident at market parking. An accused person was described as Jignesh Thakor. Modus operandi: broke steering lock. Victim profile: adult female vehicle owner. No established connection to another FIR is recorded in this narrative.
FIR/2024/00095,Naranpura PS,Ahmedabad,2024-03-13,Cattle Theft,,Pooja Mehta,rural market,cut the cattle-shed lock,farmer,,Complainant reported a cattle theft incident at rural market. An accused person was described as Pooja Mehta. Modus operandi: cut the cattle-shed lock. Victim profile: farmer. No established connection to another FIR is recorded in this narrative.
FIR/2024/00096,Paldi PS,Ahmedabad,2024-02-27,Cybercrime - Harassment,,Falguni Rao,messaging platform,sent repeated abusive messages,professional woman,,Complainant reported a cybercrime - harassment incident at messaging platform. An accused person was described as Falguni Rao. Modus operandi: sent repeated abusive messages. Victim profile: professional woman. No established connection to another FIR is recorded in this narrative.
FIR/2024/00097,Sector 12 PS,Ahmedabad,2024-03-10,Kidnapping,,Suresh Rao,tuition center,abducted the victim during transit,minor,,Complainant reported a kidnapping incident at tuition center. An accused person was described as Suresh Rao. Modus operandi: abducted the victim during transit. Victim profile: minor. No established connection to another FIR is recorded in this narrative.
FIR/2024/00098,Karelibaug PS,Vadodara,2024-02-28,Robbery,,Anjali Mehta,market lane,two masked persons threatened staff,shopkeeper,,Complainant reported a robbery incident at market lane. An accused person was described as Anjali Mehta. Modus operandi: two masked persons threatened staff. Victim profile: shopkeeper. No established connection to another FIR is recorded in this narrative.
FIR/2024/00099,Vastrapur PS,Ahmedabad,2024-01-25,Chain Snatching,,Ritika Iyer,residential street,targeted pedestrian and escaped on motorcycle,elderly woman,,Complainant reported a chain snatching incident at residential street. An accused person was described as Ritika Iyer. Modus operandi: targeted pedestrian and escaped on motorcycle. Victim profile: elderly woman. No established connection to another FIR is recorded in this narrative.
FIR/2024/00100,Paldi PS,Ahmedabad,2024-01-19,Cybercrime - Harassment,,Karan Rao,online account,sent threatening messages online,student,,Complainant reported a cybercrime - harassment incident at online account. An accused person was described as Karan Rao. Modus operandi: sent threatening messages online. Victim profile: student. No established connection to another FIR is recorded in this narrative.
FIR/2024/00101,Athwa PS,Surat,2024-01-20,Industrial Theft,,Anjali Rao,warehouse,tampered with gate lock,site manager,,Complainant reported a industrial theft incident at warehouse. An accused person was described as Anjali Rao. Modus operandi: tampered with gate lock. Victim profile: site manager. No established connection to another FIR is recorded in this narrative.
FIR/2024/00102,Sector 12 PS,Ahmedabad,2024-01-22,Industrial Theft,,Deepak Chauhan,GIDC premises,tampered with gate lock,contractor,,Complainant reported a industrial theft incident at GIDC premises. An accused person was described as Deepak Chauhan. Modus operandi: tampered with gate lock. Victim profile: contractor. No established connection to another FIR is recorded in this narrative.
FIR/2024/00103,Paldi PS,Ahmedabad,2024-02-16,Extortion,,Jignesh Patel,WhatsApp,demanded money using threats,business owner,,Complainant reported a extortion incident at WhatsApp. An accused person was described as Jignesh Patel. Modus operandi: demanded money using threats. Victim profile: business owner. No established connection to another FIR is recorded in this narrative.
FIR/2024/00104,Bopal PS,Ahmedabad,2024-02-21,Robbery,,Rohit Mehta,general store,used physical intimidation,delivery employee,,Complainant reported a robbery incident at general store. An accused person was described as Rohit Mehta. Modus operandi: used physical intimidation. Victim profile: delivery employee. No established connection to another FIR is recorded in this narrative.
FIR/2024/00105,Vastrapur PS,Ahmedabad,2024-01-03,Chain Snatching,,Priya Trivedi,lake road,targeted pedestrian and escaped on motorcycle,adult female pedestrian,,Complainant reported a chain snatching incident at lake road. An accused person was described as Priya Trivedi. Modus operandi: targeted pedestrian and escaped on motorcycle. Victim profile: adult female pedestrian. No established connection to another FIR is recorded in this narrative.
FIR/2024/00106,Vastrapur PS,Ahmedabad,2024-03-13,Assault,,Rahul Mehta,road junction,assault with a blunt object,adult female,,Complainant reported a assault incident at road junction. An accused person was described as Rahul Mehta. Modus operandi: assault with a blunt object. Victim profile: adult female. No established connection to another FIR is recorded in this narrative.
FIR/2024/00107,Alkapuri PS,Vadodara,2024-01-25,Extortion,,Meena Thakor,business premises,demanded money using threats,student,,Complainant reported a extortion incident at business premises. An accused person was described as Meena Thakor. Modus operandi: demanded money using threats. Victim profile: student. No established connection to another FIR is recorded in this narrative.
FIR/2024/00108,Karelibaug PS,Vadodara,2024-03-09,Vehicle Theft,,Falguni Joshi,market parking,forced ignition and drove away,adult female vehicle owner,,Complainant reported a vehicle theft incident at market parking. An accused person was described as Falguni Joshi. Modus operandi: forced ignition and drove away. Victim profile: adult female vehicle owner. No established connection to another FIR is recorded in this narrative.
FIR/2024/00109,Athwa PS,Surat,2024-01-11,Chain Snatching,,Deepak Yadav,market road,targeted pedestrian and escaped on motorcycle,adult male pedestrian,,Complainant reported a chain snatching incident at market road. An accused person was described as Deepak Yadav. Modus operandi: targeted pedestrian and escaped on motorcycle. Victim profile: adult male pedestrian. No established connection to another FIR is recorded in this narrative.
FIR/2024/00110,Naranpura PS,Ahmedabad,2024-03-28,Robbery,,Bhavna Rao,market lane,threatened with knife,shopkeeper,,Complainant reported a robbery incident at market lane. An accused person was described as Bhavna Rao. Modus operandi: threatened with knife. Victim profile: shopkeeper. No established connection to another FIR is recorded in this narrative.
FIR/2024/00111,Alkapuri PS,Vadodara,2024-03-24,Extortion,,Ritika Thakor,online messaging platform,used repeated threatening calls,adult woman,,Complainant reported a extortion incident at online messaging platform. An accused person was described as Ritika Thakor. Modus operandi: used repeated threatening calls. Victim profile: adult woman. No established connection to another FIR is recorded in this narrative.
FIR/2024/00112,Vastrapur PS,Ahmedabad,2024-02-21,Chain Snatching,Iqbal S.,"male rider on a black motorcycle, no helmet",bus stop,approached on motorcycle and fled,adult female pedestrian,,"Complainant reported a chain snatching incident at bus stop. The accused was described as male rider on a black motorcycle, no helmet and identified in the report as Iqbal S.. Modus operandi: approached on motorcycle and fled. Victim profile: adult female pedestrian. Investigation is ongoing and the possible connection to other cases requires verification."
FIR/2024/00113,Karelibaug PS,Vadodara,2024-02-11,Extortion,,Anjali Yadav,WhatsApp,used repeated threatening calls,adult man,,Complainant reported a extortion incident at WhatsApp. An accused person was described as Anjali Yadav. Modus operandi: used repeated threatening calls. Victim profile: adult man. No established connection to another FIR is recorded in this narrative.
FIR/2024/00114,Vastrapur PS,Ahmedabad,2024-02-02,Robbery,,Neha Yadav,general store,threatened with knife,delivery employee,,Complainant reported a robbery incident at general store. An accused person was described as Neha Yadav. Modus operandi: threatened with knife. Victim profile: delivery employee. No established connection to another FIR is recorded in this narrative.
FIR/2024/00115,Sector 12 PS,Ahmedabad,2024-02-09,Financial Fraud,,Suresh Patel,investment office,used forged financial documents,small business owner,,Complainant reported a financial fraud incident at investment office. An accused person was described as Suresh Patel. Modus operandi: used forged financial documents. Victim profile: small business owner. No established connection to another FIR is recorded in this narrative.
FIR/2024/00116,Chandkheda PS,Ahmedabad,2024-01-04,Cyber Fraud,,Suresh Chauhan,e-commerce account,used social engineering to obtain UPI details,elderly account holder,,Complainant reported a cyber fraud incident at e-commerce account. An accused person was described as Suresh Chauhan. Modus operandi: used social engineering to obtain UPI details. Victim profile: elderly account holder. No established connection to another FIR is recorded in this narrative.
FIR/2024/00117,Vastrapur PS,Ahmedabad,2024-01-08,Cybercrime - Harassment,,Falguni Mehta,email,used stolen photographs,professional woman,,Complainant reported a cybercrime - harassment incident at email. An accused person was described as Falguni Mehta. Modus operandi: used stolen photographs. Victim profile: professional woman. No established connection to another FIR is recorded in this narrative.
FIR/2024/00118,Paldi PS,Ahmedabad,2024-03-01,Chain Snatching,,Suresh Rathod,bus stop,approached on motorcycle and fled,elderly woman,,Complainant reported a chain snatching incident at bus stop. An accused person was described as Suresh Rathod. Modus operandi: approached on motorcycle and fled. Victim profile: elderly woman. No established connection to another FIR is recorded in this narrative.
FIR/2024/00119,Naranpura PS,Ahmedabad,2024-02-13,Burglary,,Pooja Rao,office,broke door lock,small business owner,,Complainant reported a burglary incident at office. An accused person was described as Pooja Rao. Modus operandi: broke door lock. Victim profile: small business owner. No established connection to another FIR is recorded in this narrative.
FIR/2024/00120,Bopal PS,Ahmedabad,2024-03-07,Industrial Theft,,Bhavna Patel,GIDC premises,removed machinery parts,warehouse operator,,Complainant reported a industrial theft incident at GIDC premises. An accused person was described as Bhavna Patel. Modus operandi: removed machinery parts. Victim profile: warehouse operator. No established connection to another FIR is recorded in this narrative.
FIR/2024/00121,Vastrapur PS,Ahmedabad,2024-02-01,Narcotics,,Pooja Yadav,warehouse area,carried suspected contraband on motorcycle,public-order case,,Complainant reported a narcotics incident at warehouse area. An accused person was described as Pooja Yadav. Modus operandi: carried suspected contraband on motorcycle. Victim profile: public-order case. No established connection to another FIR is recorded in this narrative.
FIR/2024/00122,Paldi PS,Ahmedabad,2024-03-17,Burglary,,Anjali Rathod,shop,used a copied key,shop owner,,Complainant reported a burglary incident at shop. An accused person was described as Anjali Rathod. Modus operandi: used a copied key. Victim profile: shop owner. No established connection to another FIR is recorded in this narrative.
FIR/2024/00123,Athwa PS,Surat,2024-02-18,Robbery,,Rahul Bhatt,market lane,used physical intimidation,cashier,,Complainant reported a robbery incident at market lane. An accused person was described as Rahul Bhatt. Modus operandi: used physical intimidation. Victim profile: cashier. No established connection to another FIR is recorded in this narrative.
FIR/2024/00124,Karelibaug PS,Vadodara,2024-03-08,Assault,,Bhavna Bhatt,market,attack following an argument,shop employee,,Complainant reported a assault incident at market. An accused person was described as Bhavna Bhatt. Modus operandi: attack following an argument. Victim profile: shop employee. No established connection to another FIR is recorded in this narrative.
FIR/2024/00125,Athwa PS,Surat,2024-01-27,Cyber Fraud,,Amit Rathod,e-commerce account,sent a phishing SMS,bank customer,,Complainant reported a cyber fraud incident at e-commerce account. An accused person was described as Amit Rathod. Modus operandi: sent a phishing SMS. Victim profile: bank customer. No established connection to another FIR is recorded in this narrative.
FIR/2024/00126,Alkapuri PS,Vadodara,2024-02-25,Robbery,,Suresh Iyer,general store,snatched cash and fled,shopkeeper,,Complainant reported a robbery incident at general store. An accused person was described as Suresh Iyer. Modus operandi: snatched cash and fled. Victim profile: shopkeeper. No established connection to another FIR is recorded in this narrative.
FIR/2024/00127,Vastrapur PS,Ahmedabad,2024-03-02,Cybercrime - Harassment,,Anjali Prajapati,social media,sent threatening messages online,student,,Complainant reported a cybercrime - harassment incident at social media. An accused person was described as Anjali Prajapati. Modus operandi: sent threatening messages online. Victim profile: student. No established connection to another FIR is recorded in this narrative.
FIR/2024/00128,Athwa PS,Surat,2024-02-09,Narcotics,,Falguni Patel,highway toll,abandoned a package after police interception,suspected trafficking case,,Complainant reported a narcotics incident at highway toll. An accused person was described as Falguni Patel. Modus operandi: abandoned a package after police interception. Victim profile: suspected trafficking case. No established connection to another FIR is recorded in this narrative.
FIR/2024/00129,Chandkheda PS,Ahmedabad,2024-02-10,Financial Fraud,,Rohit Rathod,online investment platform,promised high returns and collected money,property owner,,Complainant reported a financial fraud incident at online investment platform. An accused person was described as Rohit Rathod. Modus operandi: promised high returns and collected money. Victim profile: property owner. No established connection to another FIR is recorded in this narrative.
FIR/2024/00130,Chandkheda PS,Ahmedabad,2024-03-24,Kidnapping,,Anil Patel,bus stop,forced the victim into a vehicle,young adult,,Complainant reported a kidnapping incident at bus stop. An accused person was described as Anil Patel. Modus operandi: forced the victim into a vehicle. Victim profile: young adult. No established connection to another FIR is recorded in this narrative.
FIR/2024/00131,Paldi PS,Ahmedabad,2024-01-09,Assault,,Suresh Mehta,market,attack following an argument,shop employee,,Complainant reported a assault incident at market. An accused person was described as Suresh Mehta. Modus operandi: attack following an argument. Victim profile: shop employee. No established connection to another FIR is recorded in this narrative.
FIR/2024/00132,Karelibaug PS,Vadodara,2024-01-20,Robbery,,Anjali Shah,petrol pump,threatened with knife,cashier,,Complainant reported a robbery incident at petrol pump. An accused person was described as Anjali Shah. Modus operandi: threatened with knife. Victim profile: cashier. No established connection to another FIR is recorded in this narrative.
FIR/2024/00133,Karelibaug PS,Vadodara,2024-01-03,Kidnapping,,Priya Iyer,school vicinity,forced the victim into a vehicle,minor,,Complainant reported a kidnapping incident at school vicinity. An accused person was described as Priya Iyer. Modus operandi: forced the victim into a vehicle. Victim profile: minor. No established connection to another FIR is recorded in this narrative.
FIR/2024/00134,Alkapuri PS,Vadodara,2024-03-19,Industrial Theft,,Meena Mehta,GIDC premises,removed equipment during night shift,warehouse operator,,Complainant reported a industrial theft incident at GIDC premises. An accused person was described as Meena Mehta. Modus operandi: removed equipment during night shift. Victim profile: warehouse operator. No established connection to another FIR is recorded in this narrative.
FIR/2024/00135,Sector 12 PS,Ahmedabad,2024-01-20,Vehicle Theft,,Anil Rao,bus depot,tampered with ignition,shop owner,,Complainant reported a vehicle theft incident at bus depot. An accused person was described as Anil Rao. Modus operandi: tampered with ignition. Victim profile: shop owner. No established connection to another FIR is recorded in this narrative.
FIR/2024/00136,Vastrapur PS,Ahmedabad,2024-03-27,Robbery,,Priya Thakor,cash collection point,two masked persons threatened staff,business owner,,Complainant reported a robbery incident at cash collection point. An accused person was described as Priya Thakor. Modus operandi: two masked persons threatened staff. Victim profile: business owner. No established connection to another FIR is recorded in this narrative.
FIR/2024/00137,Alkapuri PS,Vadodara,2024-03-27,Kidnapping,,Anjali Bhatt,tuition center,lured the victim into a vehicle,minor,,Complainant reported a kidnapping incident at tuition center. An accused person was described as Anjali Bhatt. Modus operandi: lured the victim into a vehicle. Victim profile: minor. No established connection to another FIR is recorded in this narrative.
FIR/2024/00138,Vastrapur PS,Ahmedabad,2024-03-18,Cattle Theft,,Anjali Mehta,farmland,entered the farm at night,farmer,,Complainant reported a cattle theft incident at farmland. An accused person was described as Anjali Mehta. Modus operandi: entered the farm at night. Victim profile: farmer. No established connection to another FIR is recorded in this narrative.
FIR/2024/00139,Vastrapur PS,Ahmedabad,2024-01-20,Vehicle Theft,,Amit Thakor,market parking,forced ignition and drove away,shop owner,,Complainant reported a vehicle theft incident at market parking. An accused person was described as Amit Thakor. Modus operandi: forced ignition and drove away. Victim profile: shop owner. No established connection to another FIR is recorded in this narrative.
FIR/2024/00140,Alkapuri PS,Vadodara,2024-01-03,Vehicle Theft,,Neha Solanki,shopping complex parking,used duplicate key,adult male vehicle owner,,Complainant reported a vehicle theft incident at shopping complex parking. An accused person was described as Neha Solanki. Modus operandi: used duplicate key. Victim profile: adult male vehicle owner. No established connection to another FIR is recorded in this narrative.
FIR/2024/00141,Chandkheda PS,Ahmedabad,2024-01-01,Industrial Theft,,Rohit Prajapati,warehouse,stole copper wiring,warehouse operator,,Complainant reported a industrial theft incident at warehouse. An accused person was described as Rohit Prajapati. Modus operandi: stole copper wiring. Victim profile: warehouse operator. No established connection to another FIR is recorded in this narrative.
FIR/2024/00142,Naranpura PS,Ahmedabad,2024-02-26,Chain Snatching,,Vijay Rao,bus stop,targeted pedestrian and escaped on motorcycle,elderly woman,,Complainant reported a chain snatching incident at bus stop. An accused person was described as Vijay Rao. Modus operandi: targeted pedestrian and escaped on motorcycle. Victim profile: elderly woman. No established connection to another FIR is recorded in this narrative.
FIR/2024/00143,Varachha PS,Surat,2024-02-10,Assault,,Falguni Mehta,local bar,road-rage confrontation,adult female,,Complainant reported a assault incident at local bar. An accused person was described as Falguni Mehta. Modus operandi: road-rage confrontation. Victim profile: adult female. No established connection to another FIR is recorded in this narrative.
FIR/2024/00144,Paldi PS,Ahmedabad,2024-02-01,Vehicle Theft,,Anjali Solanki,shopping complex parking,broke steering lock,shop owner,,Complainant reported a vehicle theft incident at shopping complex parking. An accused person was described as Anjali Solanki. Modus operandi: broke steering lock. Victim profile: shop owner. No established connection to another FIR is recorded in this narrative.
FIR/2024/00145,Athwa PS,Surat,2024-02-23,Robbery,,Amit Prajapati,general store,snatched cash and fled,delivery employee,,Complainant reported a robbery incident at general store. An accused person was described as Amit Prajapati. Modus operandi: snatched cash and fled. Victim profile: delivery employee. No established connection to another FIR is recorded in this narrative.
FIR/2024/00146,Varachha PS,Surat,2024-03-24,Vehicle Theft,,Seema Mehta,shopping complex parking,broke steering lock,shop owner,,Complainant reported a vehicle theft incident at shopping complex parking. An accused person was described as Seema Mehta. Modus operandi: broke steering lock. Victim profile: shop owner. No established connection to another FIR is recorded in this narrative.
FIR/2024/00147,Alkapuri PS,Vadodara,2024-02-13,Kidnapping,,Neha Iyer,tuition center,abducted the victim during transit,adult female,,Complainant reported a kidnapping incident at tuition center. An accused person was described as Neha Iyer. Modus operandi: abducted the victim during transit. Victim profile: adult female. No established connection to another FIR is recorded in this narrative.
FIR/2024/00148,Chandkheda PS,Ahmedabad,2024-01-05,Assault,,Vijay Mehta,road junction,attack following an argument,adult male,,Complainant reported a assault incident at road junction. An accused person was described as Vijay Mehta. Modus operandi: attack following an argument. Victim profile: adult male. No established connection to another FIR is recorded in this narrative.
FIR/2024/00149,Vastrapur PS,Ahmedabad,2024-02-22,Chain Snatching,,Anil Patel,market road,snatched gold chain from a pedestrian,elderly woman,,Complainant reported a chain snatching incident at market road. An accused person was described as Anil Patel. Modus operandi: snatched gold chain from a pedestrian. Victim profile: elderly woman. No established connection to another FIR is recorded in this narrative.
FIR/2024/00150,Karelibaug PS,Vadodara,2024-02-19,Assault,,Falguni Shah,parking area,road-rage confrontation,adult female,,Complainant reported a assault incident at parking area. An accused person was described as Falguni Shah. Modus operandi: road-rage confrontation. Victim profile: adult female. No established connection to another FIR is recorded in this narrative.
FIR/2024/00151,Alkapuri PS,Vadodara,2024-03-03,Chain Snatching,,Kavita Rao,bus stop,snatched gold chain from a pedestrian,adult female pedestrian,,Complainant reported a chain snatching incident at bus stop. An accused person was described as Kavita Rao. Modus operandi: snatched gold chain from a pedestrian. Victim profile: adult female pedestrian. No established connection to another FIR is recorded in this narrative.
FIR/2024/00152,Athwa PS,Surat,2024-01-15,Kidnapping,,Harish Iyer,tuition center,forced the victim into a vehicle,adult male,,Complainant reported a kidnapping incident at tuition center. An accused person was described as Harish Iyer. Modus operandi: forced the victim into a vehicle. Victim profile: adult male. No established connection to another FIR is recorded in this narrative.
FIR/2024/00153,Paldi PS,Ahmedabad,2024-02-04,Kidnapping,,Rahul Yadav,market area,lured the victim into a vehicle,adult female,,Complainant reported a kidnapping incident at market area. An accused person was described as Rahul Yadav. Modus operandi: lured the victim into a vehicle. Victim profile: adult female. No established connection to another FIR is recorded in this narrative.
FIR/2024/00154,Bopal PS,Ahmedabad,2024-01-14,Burglary,,Ritika Yadav,shop,broke door lock,shop owner,,Complainant reported a burglary incident at shop. An accused person was described as Ritika Yadav. Modus operandi: broke door lock. Victim profile: shop owner. No established connection to another FIR is recorded in this narrative.
FIR/2024/00155,Karelibaug PS,Vadodara,2024-02-26,Burglary,,Karan Mehta,shop,used a copied key,family residence,,Complainant reported a burglary incident at shop. An accused person was described as Karan Mehta. Modus operandi: used a copied key. Victim profile: family residence. No established connection to another FIR is recorded in this narrative.
FIR/2024/00156,Vastrapur PS,Ahmedabad,2024-01-01,Cattle Theft,,Seema Bhatt,village road,transported animals in a vehicle,dairy farmer,,Complainant reported a cattle theft incident at village road. An accused person was described as Seema Bhatt. Modus operandi: transported animals in a vehicle. Victim profile: dairy farmer. No established connection to another FIR is recorded in this narrative.
FIR/2024/00157,Naranpura PS,Ahmedabad,2024-02-07,Cattle Theft,,Falguni Chauhan,farm boundary,transported animals in a vehicle,farmer,,Complainant reported a cattle theft incident at farm boundary. An accused person was described as Falguni Chauhan. Modus operandi: transported animals in a vehicle. Victim profile: farmer. No established connection to another FIR is recorded in this narrative.
FIR/2024/00158,Bopal PS,Ahmedabad,2024-01-25,Vehicle Theft,,Ritika Iyer,shopping complex parking,broke steering lock,shop owner,,Complainant reported a vehicle theft incident at shopping complex parking. An accused person was described as Ritika Iyer. Modus operandi: broke steering lock. Victim profile: shop owner. No established connection to another FIR is recorded in this narrative.
FIR/2024/00159,Vastrapur PS,Ahmedabad,2024-03-23,Burglary,,Amit Prajapati,apartment,cut a grill,office manager,,Complainant reported a burglary incident at apartment. An accused person was described as Amit Prajapati. Modus operandi: cut a grill. Victim profile: office manager. No established connection to another FIR is recorded in this narrative.
FIR/2024/00160,Sector 12 PS,Ahmedabad,2024-02-11,Cattle Theft,,Priya Joshi,village road,entered the farm at night,farmer,,Complainant reported a cattle theft incident at village road. An accused person was described as Priya Joshi. Modus operandi: entered the farm at night. Victim profile: farmer. No established connection to another FIR is recorded in this narrative.
FIR/2024/00161,Paldi PS,Ahmedabad,2024-02-14,Vehicle Theft,,Harish Prajapati,shopping complex parking,tampered with ignition,adult male vehicle owner,,Complainant reported a vehicle theft incident at shopping complex parking. An accused person was described as Harish Prajapati. Modus operandi: tampered with ignition. Victim profile: adult male vehicle owner. No established connection to another FIR is recorded in this narrative.
FIR/2024/00162,Vastrapur PS,Ahmedabad,2024-03-08,Vehicle Theft,,Rohit Bhatt,bus depot,used duplicate key,adult female vehicle owner,,Complainant reported a vehicle theft incident at bus depot. An accused person was described as Rohit Bhatt. Modus operandi: used duplicate key. Victim profile: adult female vehicle owner. No established connection to another FIR is recorded in this narrative.
FIR/2024/00163,Athwa PS,Surat,2024-02-18,Narcotics,,Anjali Mehta,bus stand,carried suspected contraband on motorcycle,intercepted courier,,Complainant reported a narcotics incident at bus stand. An accused person was described as Anjali Mehta. Modus operandi: carried suspected contraband on motorcycle. Victim profile: intercepted courier. No established connection to another FIR is recorded in this narrative.
FIR/2024/00164,Karelibaug PS,Vadodara,2024-03-08,Cattle Theft,,Anjali Desai,farmland,removed livestock overnight,dairy farmer,,Complainant reported a cattle theft incident at farmland. An accused person was described as Anjali Desai. Modus operandi: removed livestock overnight. Victim profile: dairy farmer. No established connection to another FIR is recorded in this narrative.
FIR/2024/00165,Vastrapur PS,Ahmedabad,2024-01-22,Cattle Theft,,Falguni Mehta,cattle shed,removed livestock overnight,dairy farmer,,Complainant reported a cattle theft incident at cattle shed. An accused person was described as Falguni Mehta. Modus operandi: removed livestock overnight. Victim profile: dairy farmer. No established connection to another FIR is recorded in this narrative.
FIR/2024/00166,Chandkheda PS,Ahmedabad,2024-02-07,Extortion,,Anil Chauhan,business premises,demanded money using threats,adult man,,Complainant reported a extortion incident at business premises. An accused person was described as Anil Chauhan. Modus operandi: demanded money using threats. Victim profile: adult man. No established connection to another FIR is recorded in this narrative.
FIR/2024/00167,Alkapuri PS,Vadodara,2024-02-17,Kidnapping,,Anil Joshi,residential street,lured the victim into a vehicle,young adult,,Complainant reported a kidnapping incident at residential street. An accused person was described as Anil Joshi. Modus operandi: lured the victim into a vehicle. Victim profile: young adult. No established connection to another FIR is recorded in this narrative.
FIR/2024/00168,Sector 12 PS,Ahmedabad,2024-03-16,Extortion,,Neha Shah,phone call,demanded payment to stop harassment,adult man,,Complainant reported a extortion incident at phone call. An accused person was described as Neha Shah. Modus operandi: demanded payment to stop harassment. Victim profile: adult man. No established connection to another FIR is recorded in this narrative.
FIR/2024/00169,Sector 12 PS,Ahmedabad,2024-02-22,Chain Snatching,,Deepak Solanki,bus stop,targeted pedestrian and escaped on motorcycle,adult male pedestrian,,Complainant reported a chain snatching incident at bus stop. An accused person was described as Deepak Solanki. Modus operandi: targeted pedestrian and escaped on motorcycle. Victim profile: adult male pedestrian. No established connection to another FIR is recorded in this narrative.
FIR/2024/00170,Chandkheda PS,Ahmedabad,2024-03-07,Narcotics,Ramesh C.,male associated with suspected narcotics transport,market area,carried suspected contraband on motorcycle,suspected trafficking case,,Complainant reported a narcotics incident at market area. The accused was described as male associated with suspected narcotics transport and identified in the report as Ramesh C.. Modus operandi: carried suspected contraband on motorcycle. Victim profile: suspected trafficking case. Investigation is ongoing and the possible connection to other cases requires verification.
FIR/2024/00171,Vastrapur PS,Ahmedabad,2024-01-16,Burglary,Mahesh J.,heavyset male with a mustache,warehouse,entered through balcony,family residence,,Complainant reported a burglary incident at warehouse. The accused was described as heavyset male with a mustache and identified in the report as Mahesh J.. Modus operandi: entered through balcony. Victim profile: family residence. Investigation is ongoing and the possible connection to other cases requires verification.
FIR/2024/00172,Karelibaug PS,Vadodara,2024-02-01,Assault,,Kavita Patel,parking area,road-rage confrontation,resident,,Complainant reported a assault incident at parking area. An accused person was described as Kavita Patel. Modus operandi: road-rage confrontation. Victim profile: resident. No established connection to another FIR is recorded in this narrative.
FIR/2024/00173,Vastrapur PS,Ahmedabad,2024-01-25,Industrial Theft,Nitin Solanki,male linked to night-shift equipment theft,GIDC premises,removed equipment during night shift,site manager,,Complainant reported a industrial theft incident at GIDC premises. The accused was described as male linked to night-shift equipment theft and identified in the report as Nitin Solanki. Modus operandi: removed equipment during night shift. Victim profile: site manager. Investigation is ongoing and the possible connection to other cases requires verification.
FIR/2024/00174,Alkapuri PS,Vadodara,2024-02-18,Cyber Fraud,,Seema Joshi,e-commerce account,posed as customer-support staff,UPI user,,Complainant reported a cyber fraud incident at e-commerce account. An accused person was described as Seema Joshi. Modus operandi: posed as customer-support staff. Victim profile: UPI user. No established connection to another FIR is recorded in this narrative.
FIR/2024/00175,Naranpura PS,Ahmedabad,2024-02-08,Industrial Theft,,Anjali Patel,warehouse,stole copper wiring,site manager,,Complainant reported a industrial theft incident at warehouse. An accused person was described as Anjali Patel. Modus operandi: stole copper wiring. Victim profile: site manager. No established connection to another FIR is recorded in this narrative.
FIR/2024/00176,Karelibaug PS,Vadodara,2024-03-27,Vehicle Theft,R,"male, approximately 28 years old, dark jacket",parking area,used duplicate key,adult male vehicle owner,,"Complainant reported a vehicle theft incident at parking area. The accused was described as male, approximately 28 years old, dark jacket and identified in the report as R. Patel. Modus operandi: used duplicate key. Victim profile: adult male vehicle owner. Investigation is ongoing and the possible connection to other cases requires verification."
FIR/2024/00177,Karelibaug PS,Vadodara,2024-02-07,Industrial Theft,,Kavita Trivedi,GIDC premises,stole copper wiring,factory owner,,Complainant reported a industrial theft incident at GIDC premises. An accused person was described as Kavita Trivedi. Modus operandi: stole copper wiring. Victim profile: factory owner. No established connection to another FIR is recorded in this narrative.
FIR/2024/00178,Naranpura PS,Ahmedabad,2024-01-23,Assault,,Neha Bhatt,road junction,road-rage confrontation,adult male,,Complainant reported a assault incident at road junction. An accused person was described as Neha Bhatt. Modus operandi: road-rage confrontation. Victim profile: adult male. No established connection to another FIR is recorded in this narrative.
FIR/2024/00179,Paldi PS,Ahmedabad,2024-02-15,Narcotics,,Priya Rathod,bus stand,used a vehicle to move suspected narcotics,suspected trafficking case,,Complainant reported a narcotics incident at bus stand. An accused person was described as Priya Rathod. Modus operandi: used a vehicle to move suspected narcotics. Victim profile: suspected trafficking case. No established connection to another FIR is recorded in this narrative.
FIR/2024/00180,Vastrapur PS,Ahmedabad,2024-02-27,Narcotics,,Amit Yadav,bus stand,transported packets in a backpack,suspected trafficking case,,Complainant reported a narcotics incident at bus stand. An accused person was described as Amit Yadav. Modus operandi: transported packets in a backpack. Victim profile: suspected trafficking case. No established connection to another FIR is recorded in this narrative.
FIR/2024/00181,Vastrapur PS,Ahmedabad,2024-03-16,Assault,,Falguni Mehta,local bar,attack following an argument,shop employee,,Complainant reported a assault incident at local bar. An accused person was described as Falguni Mehta. Modus operandi: attack following an argument. Victim profile: shop employee. No established connection to another FIR is recorded in this narrative.
FIR/2024/00182,Athwa PS,Surat,2024-01-17,Vehicle Theft,,Rohit Patel,shopping complex parking,broke steering lock,adult male vehicle owner,,Complainant reported a vehicle theft incident at shopping complex parking. An accused person was described as Rohit Patel. Modus operandi: broke steering lock. Victim profile: adult male vehicle owner. No established connection to another FIR is recorded in this narrative.
FIR/2024/00183,Varachha PS,Surat,2024-02-10,Narcotics,,Deepak Patel,warehouse area,abandoned a package after police interception,suspected trafficking case,,Complainant reported a narcotics incident at warehouse area. An accused person was described as Deepak Patel. Modus operandi: abandoned a package after police interception. Victim profile: suspected trafficking case. No established connection to another FIR is recorded in this narrative.
FIR/2024/00184,Chandkheda PS,Ahmedabad,2024-03-27,Financial Fraud,,Anjali Patel,online investment platform,promised high returns and collected money,elderly investor,,Complainant reported a financial fraud incident at online investment platform. An accused person was described as Anjali Patel. Modus operandi: promised high returns and collected money. Victim profile: elderly investor. No established connection to another FIR is recorded in this narrative.
FIR/2024/00185,Paldi PS,Ahmedabad,2024-03-09,Narcotics,,Harish Prajapati,transport hub,transported packets in a backpack,public-order case,,Complainant reported a narcotics incident at transport hub. An accused person was described as Harish Prajapati. Modus operandi: transported packets in a backpack. Victim profile: public-order case. No established connection to another FIR is recorded in this narrative.
FIR/2024/00186,Chandkheda PS,Ahmedabad,2024-02-17,Robbery,,Harish Bhatt,roadside shop,used physical intimidation,shopkeeper,,Complainant reported a robbery incident at roadside shop. An accused person was described as Harish Bhatt. Modus operandi: used physical intimidation. Victim profile: shopkeeper. No established connection to another FIR is recorded in this narrative.
FIR/2024/00187,Sector 12 PS,Ahmedabad,2024-03-24,Industrial Theft,,Ritika Thakor,GIDC premises,removed equipment during night shift,site manager,,Complainant reported a industrial theft incident at GIDC premises. An accused person was described as Ritika Thakor. Modus operandi: removed equipment during night shift. Victim profile: site manager. No established connection to another FIR is recorded in this narrative.
FIR/2024/00188,Alkapuri PS,Vadodara,2024-01-04,Cyber Fraud,,Rohit Mehta,online banking account,sent a fake payment link,elderly account holder,,Complainant reported a cyber fraud incident at online banking account. An accused person was described as Rohit Mehta. Modus operandi: sent a fake payment link. Victim profile: elderly account holder. No established connection to another FIR is recorded in this narrative.
FIR/2024/00189,Athwa PS,Surat,2024-02-12,Cattle Theft,,Pooja Joshi,village road,cut the cattle-shed lock,farmer,,Complainant reported a cattle theft incident at village road. An accused person was described as Pooja Joshi. Modus operandi: cut the cattle-shed lock. Victim profile: farmer. No established connection to another FIR is recorded in this narrative.
FIR/2024/00190,Bopal PS,Ahmedabad,2024-01-14,Narcotics,,Suresh Mehta,transport hub,used a vehicle to move suspected narcotics,suspected trafficking case,,Complainant reported a narcotics incident at transport hub. An accused person was described as Suresh Mehta. Modus operandi: used a vehicle to move suspected narcotics. Victim profile: suspected trafficking case. No established connection to another FIR is recorded in this narrative.
FIR/2024/00191,Varachha PS,Surat,2024-01-27,Kidnapping,,Kavita Rathod,residential street,forced the victim into a vehicle,minor,,Complainant reported a kidnapping incident at residential street. An accused person was described as Kavita Rathod. Modus operandi: forced the victim into a vehicle. Victim profile: minor. No established connection to another FIR is recorded in this narrative.
FIR/2024/00192,Chandkheda PS,Ahmedabad,2024-03-14,Chain Snatching,Iqbal S.,"male rider on a black motorcycle, no helmet",lake road,targeted pedestrian and escaped on motorcycle,adult female pedestrian,,"Complainant reported a chain snatching incident at lake road. The accused was described as male rider on a black motorcycle, no helmet and identified in the report as Iqbal S.. Modus operandi: targeted pedestrian and escaped on motorcycle. Victim profile: adult female pedestrian. Investigation is ongoing and the possible connection to other cases requires verification."
FIR/2024/00193,Paldi PS,Ahmedabad,2024-03-01,Robbery,,Priya Shah,market lane,snatched cash and fled,cashier,,Complainant reported a robbery incident at market lane. An accused person was described as Priya Shah. Modus operandi: snatched cash and fled. Victim profile: cashier. No established connection to another FIR is recorded in this narrative.
FIR/2024/00194,Vastrapur PS,Ahmedabad,2024-02-10,Cattle Theft,,Karan Solanki,cattle shed,transported animals in a vehicle,livestock owner,,Complainant reported a cattle theft incident at cattle shed. An accused person was described as Karan Solanki. Modus operandi: transported animals in a vehicle. Victim profile: livestock owner. No established connection to another FIR is recorded in this narrative.
FIR/2024/00195,Vastrapur PS,Ahmedabad,2024-03-19,Industrial Theft,,Meena Thakor,industrial unit,removed machinery parts,warehouse operator,,Complainant reported a industrial theft incident at industrial unit. An accused person was described as Meena Thakor. Modus operandi: removed machinery parts. Victim profile: warehouse operator. No established connection to another FIR is recorded in this narrative.
FIR/2024/00196,Vastrapur PS,Ahmedabad,2024-03-16,Robbery,,Ritika Chauhan,roadside shop,snatched cash and fled,delivery employee,,Complainant reported a robbery incident at roadside shop. An accused person was described as Ritika Chauhan. Modus operandi: snatched cash and fled. Victim profile: delivery employee. No established connection to another FIR is recorded in this narrative.
FIR/2024/00197,Alkapuri PS,Vadodara,2024-01-04,Chain Snatching,,Neha Solanki,market road,grabbed necklace while riding past,adult male pedestrian,,Complainant reported a chain snatching incident at market road. An accused person was described as Neha Solanki. Modus operandi: grabbed necklace while riding past. Victim profile: adult male pedestrian. No established connection to another FIR is recorded in this narrative.
FIR/2024/00198,Varachha PS,Surat,2024-03-22,Narcotics,,Priya Mehta,market area,abandoned a package after police interception,intercepted courier,,Complainant reported a narcotics incident at market area. An accused person was described as Priya Mehta. Modus operandi: abandoned a package after police interception. Victim profile: intercepted courier. No established connection to another FIR is recorded in this narrative.
FIR/2024/00199,Paldi PS,Ahmedabad,2024-02-06,Robbery,,Priya Chauhan,market lane,snatched cash and fled,shopkeeper,,Complainant reported a robbery incident at market lane. An accused person was described as Priya Chauhan. Modus operandi: snatched cash and fled. Victim profile: shopkeeper. No established connection to another FIR is recorded in this narrative.
FIR/2024/00200,Karelibaug PS,Vadodara,2024-02-28,Cybercrime - Harassment,,Amit Shah,social media,sent repeated abusive messages,young adult,,Complainant reported a cybercrime - harassment incident at social media. An accused person was described as Amit Shah. Modus operandi: sent repeated abusive messages. Victim profile: young adult. No established connection to another FIR is recorded in this narrative.
FIR/2024/00201,Varachha PS,Surat,2024-02-12,Narcotics,,Falguni Thakor,market area,transported packets in a backpack,suspected trafficking case,,Complainant reported a narcotics incident at market area. An accused person was described as Falguni Thakor. Modus operandi: transported packets in a backpack. Victim profile: suspected trafficking case. No established connection to another FIR is recorded in this narrative.
FIR/2024/00202,Karelibaug PS,Vadodara,2024-03-06,Robbery,Vikram Shah,male wearing a dark hooded jacket,general store,snatched cash and fled,shopkeeper,,Complainant reported a robbery incident at general store. The accused was described as male wearing a dark hooded jacket and identified in the report as Vikram Shah. Modus operandi: snatched cash and fled. Victim profile: shopkeeper. Investigation is ongoing and the possible connection to other cases requires verification.
FIR/2024/00203,Bopal PS,Ahmedabad,2024-02-22,Industrial Theft,,Priya Iyer,GIDC premises,stole copper wiring,warehouse operator,,Complainant reported a industrial theft incident at GIDC premises. An accused person was described as Priya Iyer. Modus operandi: stole copper wiring. Victim profile: warehouse operator. No established connection to another FIR is recorded in this narrative.
FIR/2024/00204,Athwa PS,Surat,2024-03-17,Kidnapping,,Neha Rao,market area,forced the victim into a vehicle,young adult,,Complainant reported a kidnapping incident at market area. An accused person was described as Neha Rao. Modus operandi: forced the victim into a vehicle. Victim profile: young adult. No established connection to another FIR is recorded in this narrative.
FIR/2024/00205,Alkapuri PS,Vadodara,2024-03-26,Vehicle Theft,,Rahul Iyer,parking area,tampered with ignition,delivery worker,,Complainant reported a vehicle theft incident at parking area. An accused person was described as Rahul Iyer. Modus operandi: tampered with ignition. Victim profile: delivery worker. No established connection to another FIR is recorded in this narrative.
FIR/2024/00206,Vastrapur PS,Ahmedabad,2024-03-01,Industrial Theft,,Amit Chauhan,factory premises,stole copper wiring,factory owner,,Complainant reported a industrial theft incident at factory premises. An accused person was described as Amit Chauhan. Modus operandi: stole copper wiring. Victim profile: factory owner. No established connection to another FIR is recorded in this narrative.
FIR/2024/00207,Vastrapur PS,Ahmedabad,2024-02-03,Burglary,Mahesh J.,heavyset male with a mustache,apartment,entered through balcony,small business owner,,Complainant reported a burglary incident at apartment. The accused was described as heavyset male with a mustache and identified in the report as Mahesh J.. Modus operandi: entered through balcony. Victim profile: small business owner. Investigation is ongoing and the possible connection to other cases requires verification.
FIR/2024/00208,Paldi PS,Ahmedabad,2024-03-24,Kidnapping,,Seema Shah,bus stop,lured the victim into a vehicle,young adult,,Complainant reported a kidnapping incident at bus stop. An accused person was described as Seema Shah. Modus operandi: lured the victim into a vehicle. Victim profile: young adult. No established connection to another FIR is recorded in this narrative.
FIR/2024/00209,Varachha PS,Surat,2024-01-19,Vehicle Theft,,Deepak Solanki,bus depot,broke steering lock,adult male vehicle owner,,Complainant reported a vehicle theft incident at bus depot. An accused person was described as Deepak Solanki. Modus operandi: broke steering lock. Victim profile: adult male vehicle owner. No established connection to another FIR is recorded in this narrative.
FIR/2024/00210,Naranpura PS,Ahmedabad,2024-01-15,Chain Snatching,,Harish Mehta,lake road,approached on motorcycle and fled,elderly woman,,Complainant reported a chain snatching incident at lake road. An accused person was described as Harish Mehta. Modus operandi: approached on motorcycle and fled. Victim profile: elderly woman. No established connection to another FIR is recorded in this narrative.
FIR/2024/00211,Karelibaug PS,Vadodara,2024-01-15,Narcotics,,Priya Rao,transport hub,abandoned a package after police interception,intercepted courier,,Complainant reported a narcotics incident at transport hub. An accused person was described as Priya Rao. Modus operandi: abandoned a package after police interception. Victim profile: intercepted courier. No established connection to another FIR is recorded in this narrative.
FIR/2024/00212,Athwa PS,Surat,2024-01-19,Robbery,,Bhavna Chauhan,roadside shop,used physical intimidation,business owner,,Complainant reported a robbery incident at roadside shop. An accused person was described as Bhavna Chauhan. Modus operandi: used physical intimidation. Victim profile: business owner. No established connection to another FIR is recorded in this narrative.
FIR/2024/00213,Sector 12 PS,Ahmedabad,2024-01-04,Vehicle Theft,Ravi P.,"male, approximately 28 years old, dark jacket",bus depot,tampered with ignition,adult female vehicle owner,,"Complainant reported a vehicle theft incident at bus depot. The accused was described as male, approximately 28 years old, dark jacket and identified in the report as Ravi P.. Modus operandi: tampered with ignition. Victim profile: adult female vehicle owner. Investigation is ongoing and the possible connection to other cases requires verification."
FIR/2024/00214,Alkapuri PS,Vadodara,2024-03-10,Assault,,Priya Desai,road junction,road-rage confrontation,resident,,Complainant reported a assault incident at road junction. An accused person was described as Priya Desai. Modus operandi: road-rage confrontation. Victim profile: resident. No established connection to another FIR is recorded in this narrative.
FIR/2024/00215,Paldi PS,Ahmedabad,2024-03-21,Narcotics,,Karan Solanki,bus stand,abandoned a package after police interception,public-order case,,Complainant reported a narcotics incident at bus stand. An accused person was described as Karan Solanki. Modus operandi: abandoned a package after police interception. Victim profile: public-order case. No established connection to another FIR is recorded in this narrative.
FIR/2024/00216,Karelibaug PS,Vadodara,2024-01-26,Kidnapping,,Anil Shah,bus stop,attempted abduction near a public place,adult female,,Complainant reported a kidnapping incident at bus stop. An accused person was described as Anil Shah. Modus operandi: attempted abduction near a public place. Victim profile: adult female. No established connection to another FIR is recorded in this narrative.
FIR/2024/00217,Bopal PS,Ahmedabad,2024-03-12,Cattle Theft,,Pooja Chauhan,farm boundary,cut the cattle-shed lock,livestock owner,,Complainant reported a cattle theft incident at farm boundary. An accused person was described as Pooja Chauhan. Modus operandi: cut the cattle-shed lock. Victim profile: livestock owner. No established connection to another FIR is recorded in this narrative.
FIR/2024/00218,Bopal PS,Ahmedabad,2024-01-09,Burglary,,Rohit Iyer,apartment,used a copied key,shop owner,,Complainant reported a burglary incident at apartment. An accused person was described as Rohit Iyer. Modus operandi: used a copied key. Victim profile: shop owner. No established connection to another FIR is recorded in this narrative.
FIR/2024/00219,Athwa PS,Surat,2024-03-17,Narcotics,,Rohit Chauhan,market area,transported packets in a backpack,intercepted courier,,Complainant reported a narcotics incident at market area. An accused person was described as Rohit Chauhan. Modus operandi: transported packets in a backpack. Victim profile: intercepted courier. No established connection to another FIR is recorded in this narrative.
FIR/2024/00220,Vastrapur PS,Ahmedabad,2024-01-24,Chain Snatching,,Neha Desai,cross-road,targeted pedestrian and escaped on motorcycle,adult male pedestrian,,Complainant reported a chain snatching incident at cross-road. An accused person was described as Neha Desai. Modus operandi: targeted pedestrian and escaped on motorcycle. Victim profile: adult male pedestrian. No established connection to another FIR is recorded in this narrative.
FIR/2024/00221,Chandkheda PS,Ahmedabad,2024-01-28,Chain Snatching,,Ritika Thakor,cross-road,approached on motorcycle and fled,elderly woman,,Complainant reported a chain snatching incident at cross-road. An accused person was described as Ritika Thakor. Modus operandi: approached on motorcycle and fled. Victim profile: elderly woman. No established connection to another FIR is recorded in this narrative.
FIR/2024/00222,Vastrapur PS,Ahmedabad,2024-03-04,Cyber Fraud,,Ritika Thakor,mobile phone,sent a fake payment link,online shopper,,Complainant reported a cyber fraud incident at mobile phone. An accused person was described as Ritika Thakor. Modus operandi: sent a fake payment link. Victim profile: online shopper. No established connection to another FIR is recorded in this narrative.
FIR/2024/00223,Vastrapur PS,Ahmedabad,2024-02-22,Assault,,Anjali Patel,parking area,road-rage confrontation,adult female,,Complainant reported a assault incident at parking area. An accused person was described as Anjali Patel. Modus operandi: road-rage confrontation. Victim profile: adult female. No established connection to another FIR is recorded in this narrative.
FIR/2024/00224,Alkapuri PS,Vadodara,2024-01-08,Cattle Theft,,Priya Solanki,rural market,transported animals in a vehicle,dairy farmer,,Complainant reported a cattle theft incident at rural market. An accused person was described as Priya Solanki. Modus operandi: transported animals in a vehicle. Victim profile: dairy farmer. No established connection to another FIR is recorded in this narrative.
FIR/2024/00225,Karelibaug PS,Vadodara,2024-03-22,Cybercrime - Harassment,,Falguni Iyer,fake profile,used stolen photographs,young adult,,Complainant reported a cybercrime - harassment incident at fake profile. An accused person was described as Falguni Iyer. Modus operandi: used stolen photographs. Victim profile: young adult. No established connection to another FIR is recorded in this narrative.
FIR/2024/00226,Vastrapur PS,Ahmedabad,2024-01-24,Cattle Theft,,Pooja Rao,farm boundary,removed livestock overnight,dairy farmer,,Complainant reported a cattle theft incident at farm boundary. An accused person was described as Pooja Rao. Modus operandi: removed livestock overnight. Victim profile: dairy farmer. No established connection to another FIR is recorded in this narrative.
FIR/2024/00227,Paldi PS,Ahmedabad,2024-01-11,Assault,,Priya Rao,market,attack following an argument,adult male,,Complainant reported a assault incident at market. An accused person was described as Priya Rao. Modus operandi: attack following an argument. Victim profile: adult male. No established connection to another FIR is recorded in this narrative.
FIR/2024/00228,Vastrapur PS,Ahmedabad,2024-03-09,Industrial Theft,,Seema Rathod,construction site,removed equipment during night shift,contractor,,Complainant reported a industrial theft incident at construction site. An accused person was described as Seema Rathod. Modus operandi: removed equipment during night shift. Victim profile: contractor. No established connection to another FIR is recorded in this narrative.
FIR/2024/00229,Vastrapur PS,Ahmedabad,2024-01-14,Extortion,,Seema Rao,WhatsApp,used repeated threatening calls,business owner,,Complainant reported a extortion incident at WhatsApp. An accused person was described as Seema Rao. Modus operandi: used repeated threatening calls. Victim profile: business owner. No established connection to another FIR is recorded in this narrative.
FIR/2024/00230,Bopal PS,Ahmedabad,2024-03-11,Assault,,Rahul Shah,parking area,assault with a blunt object,shop employee,,Complainant reported a assault incident at parking area. An accused person was described as Rahul Shah. Modus operandi: assault with a blunt object. Victim profile: shop employee. No established connection to another FIR is recorded in this narrative.
FIR/2024/00231,Bopal PS,Ahmedabad,2024-02-01,Vehicle Theft,,Rahul Rao,parking area,tampered with ignition,shop owner,,Complainant reported a vehicle theft incident at parking area. An accused person was described as Rahul Rao. Modus operandi: tampered with ignition. Victim profile: shop owner. No established connection to another FIR is recorded in this narrative.
FIR/2024/00232,Bopal PS,Ahmedabad,2024-02-20,Extortion,,Priya Solanki,online messaging platform,threatened to release private images,student,,Complainant reported a extortion incident at online messaging platform. An accused person was described as Priya Solanki. Modus operandi: threatened to release private images. Victim profile: student. No established connection to another FIR is recorded in this narrative.
FIR/2024/00233,Naranpura PS,Ahmedabad,2024-03-25,Robbery,,Amit Patel,cash collection point,two masked persons threatened staff,delivery employee,,Complainant reported a robbery incident at cash collection point. An accused person was described as Amit Patel. Modus operandi: two masked persons threatened staff. Victim profile: delivery employee. No established connection to another FIR is recorded in this narrative.
FIR/2024/00234,Naranpura PS,Ahmedabad,2024-01-17,Cyber Fraud,Sunil Y.,male caller using social engineering; phone ending 4471,online marketplace,sent a fake payment link,bank customer,,Complainant reported a cyber fraud incident at online marketplace. The accused was described as male caller using social engineering; phone ending 4471 and identified in the report as Sunil Y.. Modus operandi: sent a fake payment link. Victim profile: bank customer. Investigation is ongoing and the possible connection to other cases requires verification.
FIR/2024/00235,Athwa PS,Surat,2024-01-01,Kidnapping,,Vijay Chauhan,tuition center,attempted abduction near a public place,adult male,,Complainant reported a kidnapping incident at tuition center. An accused person was described as Vijay Chauhan. Modus operandi: attempted abduction near a public place. Victim profile: adult male. No established connection to another FIR is recorded in this narrative.
FIR/2024/00236,Bopal PS,Ahmedabad,2024-03-17,Narcotics,,Vijay Mehta,transport hub,transported packets in a backpack,public-order case,,Complainant reported a narcotics incident at transport hub. An accused person was described as Vijay Mehta. Modus operandi: transported packets in a backpack. Victim profile: public-order case. No established connection to another FIR is recorded in this narrative.
FIR/2024/00237,Chandkheda PS,Ahmedabad,2024-01-20,Cybercrime - Harassment,,Kavita Iyer,fake profile,created a fake profile,young adult,,Complainant reported a cybercrime - harassment incident at fake profile. An accused person was described as Kavita Iyer. Modus operandi: created a fake profile. Victim profile: young adult. No established connection to another FIR is recorded in this narrative.
FIR/2024/00238,Naranpura PS,Ahmedabad,2024-03-11,Cybercrime - Harassment,,Karan Yadav,social media,sent threatening messages online,young adult,,Complainant reported a cybercrime - harassment incident at social media. An accused person was described as Karan Yadav. Modus operandi: sent threatening messages online. Victim profile: young adult. No established connection to another FIR is recorded in this narrative.
FIR/2024/00239,Chandkheda PS,Ahmedabad,2024-02-18,Burglary,,Karan Bhatt,warehouse,used a copied key,shop owner,,Complainant reported a burglary incident at warehouse. An accused person was described as Karan Bhatt. Modus operandi: used a copied key. Victim profile: shop owner. No established connection to another FIR is recorded in this narrative.
FIR/2024/00240,Bopal PS,Ahmedabad,2024-03-05,Financial Fraud,,Bhavna Mehta,property transaction,promised high returns and collected money,elderly investor,,Complainant reported a financial fraud incident at property transaction. An accused person was described as Bhavna Mehta. Modus operandi: promised high returns and collected money. Victim profile: elderly investor. No established connection to another FIR is recorded in this narrative.
FIR/2024/00241,Alkapuri PS,Vadodara,2024-01-13,Burglary,Mahesh J.,heavyset male with a mustache,residence,broke door lock,shop owner,,Complainant reported a burglary incident at residence. The accused was described as heavyset male with a mustache and identified in the report as Mahesh J.. Modus operandi: broke door lock. Victim profile: shop owner. Investigation is ongoing and the possible connection to other cases requires verification.
FIR/2024/00242,Sector 12 PS,Ahmedabad,2024-02-10,Chain Snatching,,Anjali Mehta,cross-road,grabbed necklace while riding past,adult male pedestrian,,Complainant reported a chain snatching incident at cross-road. An accused person was described as Anjali Mehta. Modus operandi: grabbed necklace while riding past. Victim profile: adult male pedestrian. No established connection to another FIR is recorded in this narrative.
FIR/2024/00243,Karelibaug PS,Vadodara,2024-03-22,Robbery,,Rahul Trivedi,market lane,threatened with knife,cashier,,Complainant reported a robbery incident at market lane. An accused person was described as Rahul Trivedi. Modus operandi: threatened with knife. Victim profile: cashier. No established connection to another FIR is recorded in this narrative.
FIR/2024/00244,Varachha PS,Surat,2024-02-11,Extortion,,Priya Mehta,WhatsApp,demanded payment to stop harassment,student,,Complainant reported a extortion incident at WhatsApp. An accused person was described as Priya Mehta. Modus operandi: demanded payment to stop harassment. Victim profile: student. No established connection to another FIR is recorded in this narrative.
FIR/2024/00245,Vastrapur PS,Ahmedabad,2024-03-10,Chain Snatching,Iqbal S.,"male rider on a black motorcycle, no helmet",market road,snatched gold chain from a pedestrian,adult female pedestrian,,"Complainant reported a chain snatching incident at market road. The accused was described as male rider on a black motorcycle, no helmet and identified in the report as Iqbal S.. Modus operandi: snatched gold chain from a pedestrian. Victim profile: adult female pedestrian. Investigation is ongoing and the possible connection to other cases requires verification."
FIR/2024/00246,Sector 12 PS,Ahmedabad,2024-03-20,Robbery,,Jignesh Trivedi,market lane,snatched cash and fled,shopkeeper,,Complainant reported a robbery incident at market lane. An accused person was described as Jignesh Trivedi. Modus operandi: snatched cash and fled. Victim profile: shopkeeper. No established connection to another FIR is recorded in this narrative.
FIR/2024/00247,Chandkheda PS,Ahmedabad,2024-01-02,Cybercrime - Harassment,,Rohit Trivedi,social media,sent threatening messages online,young adult,,Complainant reported a cybercrime - harassment incident at social media. An accused person was described as Rohit Trivedi. Modus operandi: sent threatening messages online. Victim profile: young adult. No established connection to another FIR is recorded in this narrative.
FIR/2024/00248,Naranpura PS,Ahmedabad,2024-03-17,Cyber Fraud,S,male caller using social engineering; phone ending 4471,online marketplace,used social engineering to obtain UPI details,elderly account holder,,Complainant reported a cyber fraud incident at online marketplace. The accused was described as male caller using social engineering; phone ending 4471 and identified in the report as S. Yadav. Modus operandi: used social engineering to obtain UPI details. Victim profile: elderly account holder. Investigation is ongoing and the possible connection to other cases requires verification.
FIR/2024/00249,Varachha PS,Surat,2024-02-23,Narcotics,Ramesh Chaudhary,male associated with suspected narcotics transport,transport hub,used a vehicle to move suspected narcotics,suspected trafficking case,,Complainant reported a narcotics incident at transport hub. The accused was described as male associated with suspected narcotics transport and identified in the report as Ramesh Chaudhary. Modus operandi: used a vehicle to move suspected narcotics. Victim profile: suspected trafficking case. Investigation is ongoing and the possible connection to other cases requires verification.
FIR/2024/00250,Bopal PS,Ahmedabad,2024-03-16,Financial Fraud,Arjun Mehta,male investment agent using a high-return scheme,investment office,collected an advance and became unreachable,property owner,,Complainant reported a financial fraud incident at investment office. The accused was described as male investment agent using a high-return scheme and identified in the report as Arjun Mehta. Modus operandi: collected an advance and became unreachable. Victim profile: property owner. Investigation is ongoing and the possible connection to other cases requires verification.
FIR/2024/00251,Paldi PS,Ahmedabad,2024-01-13,Narcotics,,Rohit Solanki,market area,used a vehicle to move suspected narcotics,public-order case,,Complainant reported a narcotics incident at market area. An accused person was described as Rohit Solanki. Modus operandi: used a vehicle to move suspected narcotics. Victim profile: public-order case. No established connection to another FIR is recorded in this narrative.
FIR/2024/00252,Naranpura PS,Ahmedabad,2024-02-11,Cybercrime - Harassment,,Vijay Bhatt,messaging platform,created a fake profile,student,,Complainant reported a cybercrime - harassment incident at messaging platform. An accused person was described as Vijay Bhatt. Modus operandi: created a fake profile. Victim profile: student. No established connection to another FIR is recorded in this narrative.
FIR/2024/00253,Sector 12 PS,Ahmedabad,2024-01-03,Assault,,Seema Shah,market,attack following an argument,adult female,,Complainant reported a assault incident at market. An accused person was described as Seema Shah. Modus operandi: attack following an argument. Victim profile: adult female. No established connection to another FIR is recorded in this narrative.
FIR/2024/00254,Alkapuri PS,Vadodara,2024-03-07,Narcotics,,Amit Rao,market area,carried suspected contraband on motorcycle,suspected trafficking case,,Complainant reported a narcotics incident at market area. An accused person was described as Amit Rao. Modus operandi: carried suspected contraband on motorcycle. Victim profile: suspected trafficking case. No established connection to another FIR is recorded in this narrative.
FIR/2024/00255,Varachha PS,Surat,2024-01-04,Vehicle Theft,,Seema Shah,residential lane,broke steering lock,adult male vehicle owner,,Complainant reported a vehicle theft incident at residential lane. An accused person was described as Seema Shah. Modus operandi: broke steering lock. Victim profile: adult male vehicle owner. No established connection to another FIR is recorded in this narrative.
FIR/2024/00256,Varachha PS,Surat,2024-02-19,Industrial Theft,,Harish Rathod,construction site,tampered with gate lock,site manager,,Complainant reported a industrial theft incident at construction site. An accused person was described as Harish Rathod. Modus operandi: tampered with gate lock. Victim profile: site manager. No established connection to another FIR is recorded in this narrative.
FIR/2024/00257,Varachha PS,Surat,2024-01-18,Financial Fraud,,Anjali Prajapati,investment office,collected an advance and became unreachable,small business owner,,Complainant reported a financial fraud incident at investment office. An accused person was described as Anjali Prajapati. Modus operandi: collected an advance and became unreachable. Victim profile: small business owner. No established connection to another FIR is recorded in this narrative.
FIR/2024/00258,Sector 12 PS,Ahmedabad,2024-03-12,Robbery,,Priya Trivedi,petrol pump,snatched cash and fled,cashier,,Complainant reported a robbery incident at petrol pump. An accused person was described as Priya Trivedi. Modus operandi: snatched cash and fled. Victim profile: cashier. No established connection to another FIR is recorded in this narrative.
FIR/2024/00259,Athwa PS,Surat,2024-03-07,Vehicle Theft,Ravi Patel,"male, approximately 28 years old, dark jacket",residential lane,broke steering lock,adult male vehicle owner,,"Complainant reported a vehicle theft incident at residential lane. The accused was described as male, approximately 28 years old, dark jacket and identified in the report as Ravi Patel. Modus operandi: broke steering lock. Victim profile: adult male vehicle owner. Investigation is ongoing and the possible connection to other cases requires verification."
FIR/2024/00260,Naranpura PS,Ahmedabad,2024-02-11,Financial Fraud,,Seema Mehta,online investment platform,promised high returns and collected money,elderly investor,,Complainant reported a financial fraud incident at online investment platform. An accused person was described as Seema Mehta. Modus operandi: promised high returns and collected money. Victim profile: elderly investor. No established connection to another FIR is recorded in this narrative.
FIR/2024/00261,Vastrapur PS,Ahmedabad,2024-02-05,Financial Fraud,,Jignesh Trivedi,investment office,collected an advance and became unreachable,elderly investor,,Complainant reported a financial fraud incident at investment office. An accused person was described as Jignesh Trivedi. Modus operandi: collected an advance and became unreachable. Victim profile: elderly investor. No established connection to another FIR is recorded in this narrative.
FIR/2024/00262,Paldi PS,Ahmedabad,2024-03-25,Cybercrime - Harassment,,Vijay Thakor,messaging platform,created a fake profile,student,,Complainant reported a cybercrime - harassment incident at messaging platform. An accused person was described as Vijay Thakor. Modus operandi: created a fake profile. Victim profile: student. No established connection to another FIR is recorded in this narrative.
FIR/2024/00263,Paldi PS,Ahmedabad,2024-03-02,Industrial Theft,,Falguni Chauhan,warehouse,tampered with gate lock,warehouse operator,,Complainant reported a industrial theft incident at warehouse. An accused person was described as Falguni Chauhan. Modus operandi: tampered with gate lock. Victim profile: warehouse operator. No established connection to another FIR is recorded in this narrative.
FIR/2024/00264,Paldi PS,Ahmedabad,2024-01-05,Narcotics,,Jignesh Rao,bus stand,transported packets in a backpack,public-order case,,Complainant reported a narcotics incident at bus stand. An accused person was described as Jignesh Rao. Modus operandi: transported packets in a backpack. Victim profile: public-order case. No established connection to another FIR is recorded in this narrative.
FIR/2024/00265,Naranpura PS,Ahmedabad,2024-03-07,Burglary,,Anil Solanki,shop,broke door lock,small business owner,,Complainant reported a burglary incident at shop. An accused person was described as Anil Solanki. Modus operandi: broke door lock. Victim profile: small business owner. No established connection to another FIR is recorded in this narrative.
FIR/2024/00266,Sector 12 PS,Ahmedabad,2024-02-14,Extortion,,Bhavna Iyer,phone call,demanded payment to stop harassment,adult man,,Complainant reported a extortion incident at phone call. An accused person was described as Bhavna Iyer. Modus operandi: demanded payment to stop harassment. Victim profile: adult man. No established connection to another FIR is recorded in this narrative.
FIR/2024/00267,Karelibaug PS,Vadodara,2024-03-18,Narcotics,,Meena Mehta,market area,carried suspected contraband on motorcycle,intercepted courier,,Complainant reported a narcotics incident at market area. An accused person was described as Meena Mehta. Modus operandi: carried suspected contraband on motorcycle. Victim profile: intercepted courier. No established connection to another FIR is recorded in this narrative.
FIR/2024/00268,Karelibaug PS,Vadodara,2024-01-27,Cattle Theft,,Priya Trivedi,farm boundary,transported animals in a vehicle,dairy farmer,,Complainant reported a cattle theft incident at farm boundary. An accused person was described as Priya Trivedi. Modus operandi: transported animals in a vehicle. Victim profile: dairy farmer. No established connection to another FIR is recorded in this narrative.
FIR/2024/00269,Varachha PS,Surat,2024-02-01,Chain Snatching,,Rohit Desai,cross-road,approached on motorcycle and fled,elderly woman,,Complainant reported a chain snatching incident at cross-road. An accused person was described as Rohit Desai. Modus operandi: approached on motorcycle and fled. Victim profile: elderly woman. No established connection to another FIR is recorded in this narrative.
FIR/2024/00270,Bopal PS,Ahmedabad,2024-03-21,Cybercrime - Harassment,,Pooja Rathod,fake profile,used stolen photographs,student,,Complainant reported a cybercrime - harassment incident at fake profile. An accused person was described as Pooja Rathod. Modus operandi: used stolen photographs. Victim profile: student. No established connection to another FIR is recorded in this narrative.
FIR/2024/00271,Chandkheda PS,Ahmedabad,2024-03-08,Cattle Theft,,Deepak Joshi,rural market,cut the cattle-shed lock,dairy farmer,,Complainant reported a cattle theft incident at rural market. An accused person was described as Deepak Joshi. Modus operandi: cut the cattle-shed lock. Victim profile: dairy farmer. No established connection to another FIR is recorded in this narrative.
FIR/2024/00272,Varachha PS,Surat,2024-01-22,Narcotics,,Anjali Bhatt,market area,used a vehicle to move suspected narcotics,suspected trafficking case,,Complainant reported a narcotics incident at market area. An accused person was described as Anjali Bhatt. Modus operandi: used a vehicle to move suspected narcotics. Victim profile: suspected trafficking case. No established connection to another FIR is recorded in this narrative.
FIR/2024/00273,Vastrapur PS,Ahmedabad,2024-01-13,Burglary,,Karan Bhatt,shop,broke door lock,shop owner,,Complainant reported a burglary incident at shop. An accused person was described as Karan Bhatt. Modus operandi: broke door lock. Victim profile: shop owner. No established connection to another FIR is recorded in this narrative.
FIR/2024/00274,Paldi PS,Ahmedabad,2024-01-08,Vehicle Theft,,Anjali Mehta,parking area,forced ignition and drove away,shop owner,,Complainant reported a vehicle theft incident at parking area. An accused person was described as Anjali Mehta. Modus operandi: forced ignition and drove away. Victim profile: shop owner. No established connection to another FIR is recorded in this narrative.
FIR/2024/00275,Chandkheda PS,Ahmedabad,2024-02-15,Industrial Theft,,Bhavna Thakor,warehouse,removed equipment during night shift,factory owner,,Complainant reported a industrial theft incident at warehouse. An accused person was described as Bhavna Thakor. Modus operandi: removed equipment during night shift. Victim profile: factory owner. No established connection to another FIR is recorded in this narrative.
FIR/2024/00276,Chandkheda PS,Ahmedabad,2024-01-10,Extortion,,Anil Rao,social media,threatened to release private images,adult woman,,Complainant reported a extortion incident at social media. An accused person was described as Anil Rao. Modus operandi: threatened to release private images. Victim profile: adult woman. No established connection to another FIR is recorded in this narrative.
FIR/2024/00277,Bopal PS,Ahmedabad,2024-02-23,Chain Snatching,,Suresh Chauhan,lake road,targeted pedestrian and escaped on motorcycle,adult female pedestrian,,Complainant reported a chain snatching incident at lake road. An accused person was described as Suresh Chauhan. Modus operandi: targeted pedestrian and escaped on motorcycle. Victim profile: adult female pedestrian. No established connection to another FIR is recorded in this narrative.
FIR/2024/00278,Naranpura PS,Ahmedabad,2024-01-28,Cattle Theft,,Ritika Trivedi,rural market,entered the farm at night,dairy farmer,,Complainant reported a cattle theft incident at rural market. An accused person was described as Ritika Trivedi. Modus operandi: entered the farm at night. Victim profile: dairy farmer. No established connection to another FIR is recorded in this narrative.
FIR/2024/00279,Vastrapur PS,Ahmedabad,2024-03-16,Financial Fraud,,Jignesh Desai,investment office,used forged financial documents,retail investor,,Complainant reported a financial fraud incident at investment office. An accused person was described as Jignesh Desai. Modus operandi: used forged financial documents. Victim profile: retail investor. No established connection to another FIR is recorded in this narrative.
FIR/2024/00280,Paldi PS,Ahmedabad,2024-01-06,Narcotics,,Falguni Joshi,transport hub,carried suspected contraband on motorcycle,suspected trafficking case,,Complainant reported a narcotics incident at transport hub. An accused person was described as Falguni Joshi. Modus operandi: carried suspected contraband on motorcycle. Victim profile: suspected trafficking case. No established connection to another FIR is recorded in this narrative.
FIR/2024/00281,Paldi PS,Ahmedabad,2024-02-28,Burglary,,Rahul Joshi,apartment,entered through balcony,shop owner,,Complainant reported a burglary incident at apartment. An accused person was described as Rahul Joshi. Modus operandi: entered through balcony. Victim profile: shop owner. No established connection to another FIR is recorded in this narrative.
FIR/2024/00282,Sector 12 PS,Ahmedabad,2024-02-05,Industrial Theft,,Meena Thakor,industrial unit,removed equipment during night shift,contractor,,Complainant reported a industrial theft incident at industrial unit. An accused person was described as Meena Thakor. Modus operandi: removed equipment during night shift. Victim profile: contractor. No established connection to another FIR is recorded in this narrative.
FIR/2024/00283,Athwa PS,Surat,2024-01-20,Burglary,,Pooja Rao,residence,used a copied key,shop owner,,Complainant reported a burglary incident at residence. An accused person was described as Pooja Rao. Modus operandi: used a copied key. Victim profile: shop owner. No established connection to another FIR is recorded in this narrative.
FIR/2024/00284,Vastrapur PS,Ahmedabad,2024-01-11,Assault,,Anil Prajapati,residential society,assault with a blunt object,adult female,,Complainant reported a assault incident at residential society. An accused person was described as Anil Prajapati. Modus operandi: assault with a blunt object. Victim profile: adult female. No established connection to another FIR is recorded in this narrative.
FIR/2024/00285,Bopal PS,Ahmedabad,2024-01-17,Financial Fraud,,Pooja Desai,investment office,collected an advance and became unreachable,property owner,,Complainant reported a financial fraud incident at investment office. An accused person was described as Pooja Desai. Modus operandi: collected an advance and became unreachable. Victim profile: property owner. No established connection to another FIR is recorded in this narrative.
FIR/2024/00286,Vastrapur PS,Ahmedabad,2024-03-10,Robbery,,Neha Shah,roadside shop,used physical intimidation,business owner,,Complainant reported a robbery incident at roadside shop. An accused person was described as Neha Shah. Modus operandi: used physical intimidation. Victim profile: business owner. No established connection to another FIR is recorded in this narrative.
FIR/2024/00287,Bopal PS,Ahmedabad,2024-03-11,Cybercrime - Harassment,,Amit Iyer,social media,sent repeated abusive messages,professional woman,,Complainant reported a cybercrime - harassment incident at social media. An accused person was described as Amit Iyer. Modus operandi: sent repeated abusive messages. Victim profile: professional woman. No established connection to another FIR is recorded in this narrative.
FIR/2024/00288,Varachha PS,Surat,2024-02-22,Industrial Theft,N,male linked to night-shift equipment theft,industrial unit,tampered with gate lock,factory owner,,Complainant reported a industrial theft incident at industrial unit. The accused was described as male linked to night-shift equipment theft and identified in the report as N. Solanki. Modus operandi: tampered with gate lock. Victim profile: factory owner. Investigation is ongoing and the possible connection to other cases requires verification.
FIR/2024/00289,Karelibaug PS,Vadodara,2024-03-20,Cyber Fraud,,Harish Patel,e-commerce account,sent a fake payment link,bank customer,,Complainant reported a cyber fraud incident at e-commerce account. An accused person was described as Harish Patel. Modus operandi: sent a fake payment link. Victim profile: bank customer. No established connection to another FIR is recorded in this narrative.
FIR/2024/00290,Paldi PS,Ahmedabad,2024-01-12,Financial Fraud,,Seema Rao,online investment platform,promised high returns and collected money,property owner,,Complainant reported a financial fraud incident at online investment platform. An accused person was described as Seema Rao. Modus operandi: promised high returns and collected money. Victim profile: property owner. No established connection to another FIR is recorded in this narrative.
FIR/2024/00291,Athwa PS,Surat,2024-02-04,Cybercrime - Harassment,,Karan Thakor,social media,created a fake profile,young adult,,Complainant reported a cybercrime - harassment incident at social media. An accused person was described as Karan Thakor. Modus operandi: created a fake profile. Victim profile: young adult. No established connection to another FIR is recorded in this narrative.
FIR/2024/00292,Varachha PS,Surat,2024-03-05,Narcotics,,Ritika Patel,highway toll,abandoned a package after police interception,intercepted courier,,Complainant reported a narcotics incident at highway toll. An accused person was described as Ritika Patel. Modus operandi: abandoned a package after police interception. Victim profile: intercepted courier. No established connection to another FIR is recorded in this narrative.
FIR/2024/00293,Chandkheda PS,Ahmedabad,2024-03-17,Cybercrime - Harassment,,Jignesh Joshi,fake profile,sent repeated abusive messages,professional woman,,Complainant reported a cybercrime - harassment incident at fake profile. An accused person was described as Jignesh Joshi. Modus operandi: sent repeated abusive messages. Victim profile: professional woman. No established connection to another FIR is recorded in this narrative.
FIR/2024/00294,Varachha PS,Surat,2024-03-07,Kidnapping,,Vijay Joshi,tuition center,lured the victim into a vehicle,young adult,,Complainant reported a kidnapping incident at tuition center. An accused person was described as Vijay Joshi. Modus operandi: lured the victim into a vehicle. Victim profile: young adult. No established connection to another FIR is recorded in this narrative.
FIR/2024/00295,Sector 12 PS,Ahmedabad,2024-02-14,Kidnapping,,Harish Desai,market area,attempted abduction near a public place,adult female,,Complainant reported a kidnapping incident at market area. An accused person was described as Harish Desai. Modus operandi: attempted abduction near a public place. Victim profile: adult female. No established connection to another FIR is recorded in this narrative.
FIR/2024/00296,Paldi PS,Ahmedabad,2024-03-13,Cyber Fraud,,Pooja Rao,online banking account,posed as customer-support staff,elderly account holder,,Complainant reported a cyber fraud incident at online banking account. An accused person was described as Pooja Rao. Modus operandi: posed as customer-support staff. Victim profile: elderly account holder. No established connection to another FIR is recorded in this narrative.
FIR/2024/00297,Chandkheda PS,Ahmedabad,2024-01-14,Assault,,Anjali Chauhan,market,attack following an argument,adult female,,Complainant reported a assault incident at market. An accused person was described as Anjali Chauhan. Modus operandi: attack following an argument. Victim profile: adult female. No established connection to another FIR is recorded in this narrative.
FIR/2024/00298,Naranpura PS,Ahmedabad,2024-02-28,Cyber Fraud,,Suresh Desai,e-commerce account,used social engineering to obtain UPI details,online shopper,,Complainant reported a cyber fraud incident at e-commerce account. An accused person was described as Suresh Desai. Modus operandi: used social engineering to obtain UPI details. Victim profile: online shopper. No established connection to another FIR is recorded in this narrative.
FIR/2024/00299,Karelibaug PS,Vadodara,2024-03-11,Robbery,,Bhavna Trivedi,market lane,used physical intimidation,delivery employee,,Complainant reported a robbery incident at market lane. An accused person was described as Bhavna Trivedi. Modus operandi: used physical intimidation. Victim profile: delivery employee. No established connection to another FIR is recorded in this narrative.
FIR/2024/00300,Paldi PS,Ahmedabad,2024-02-01,Narcotics,,Seema Iyer,market area,carried suspected contraband on motorcycle,intercepted courier,,Complainant reported a narcotics incident at market area. An accused person was described as Seema Iyer. Modus operandi: carried suspected contraband on motorcycle. Victim profile: intercepted courier. No established connection to another FIR is recorded in this narrative.
FIR/2024/00301,Paldi PS,Ahmedabad,2024-01-26,Financial Fraud,A,male investment agent using a high-return scheme,loan service,promised high returns and collected money,small business owner,,Complainant reported a financial fraud incident at loan service. The accused was described as male investment agent using a high-return scheme and identified in the report as A. Mehta. Modus operandi: promised high returns and collected money. Victim profile: small business owner. Investigation is ongoing and the possible connection to other cases requires verification.
FIR/2024/00302,Sector 12 PS,Ahmedabad,2024-01-09,Cybercrime - Harassment,,Suresh Bhatt,fake profile,sent threatening messages online,social media user,,Complainant reported a cybercrime - harassment incident at fake profile. An accused person was described as Suresh Bhatt. Modus operandi: sent threatening messages online. Victim profile: social media user. No established connection to another FIR is recorded in this narrative.
FIR/2024/00303,Karelibaug PS,Vadodara,2024-02-12,Cybercrime - Harassment,,Falguni Joshi,email,created a fake profile,young adult,,Complainant reported a cybercrime - harassment incident at email. An accused person was described as Falguni Joshi. Modus operandi: created a fake profile. Victim profile: young adult. No established connection to another FIR is recorded in this narrative.
FIR/2024/00304,Paldi PS,Ahmedabad,2024-02-12,Industrial Theft,N,male linked to night-shift equipment theft,industrial unit,removed equipment during night shift,site manager,,Complainant reported a industrial theft incident at industrial unit. The accused was described as male linked to night-shift equipment theft and identified in the report as N. Solanki. Modus operandi: removed equipment during night shift. Victim profile: site manager. Investigation is ongoing and the possible connection to other cases requires verification.
FIR/2024/00305,Varachha PS,Surat,2024-03-03,Industrial Theft,,Seema Iyer,factory premises,stole copper wiring,site manager,,Complainant reported a industrial theft incident at factory premises. An accused person was described as Seema Iyer. Modus operandi: stole copper wiring. Victim profile: site manager. No established connection to another FIR is recorded in this narrative.
FIR/2024/00306,Alkapuri PS,Vadodara,2024-01-28,Narcotics,,Vijay Patel,transport hub,transported packets in a backpack,intercepted courier,,Complainant reported a narcotics incident at transport hub. An accused person was described as Vijay Patel. Modus operandi: transported packets in a backpack. Victim profile: intercepted courier. No established connection to another FIR is recorded in this narrative.
FIR/2024/00307,Chandkheda PS,Ahmedabad,2024-02-24,Robbery,Vikram Shah,male wearing a dark hooded jacket,market lane,used physical intimidation,cashier,,Complainant reported a robbery incident at market lane. The accused was described as male wearing a dark hooded jacket and identified in the report as Vikram Shah. Modus operandi: used physical intimidation. Victim profile: cashier. Investigation is ongoing and the possible connection to other cases requires verification.
FIR/2024/00308,Karelibaug PS,Vadodara,2024-02-24,Vehicle Theft,,Meena Rathod,shopping complex parking,forced ignition and drove away,adult male vehicle owner,,Complainant reported a vehicle theft incident at shopping complex parking. An accused person was described as Meena Rathod. Modus operandi: forced ignition and drove away. Victim profile: adult male vehicle owner. No established connection to another FIR is recorded in this narrative.
FIR/2024/00309,Varachha PS,Surat,2024-03-20,Cattle Theft,,Deepak Rathod,cattle shed,entered the farm at night,livestock owner,,Complainant reported a cattle theft incident at cattle shed. An accused person was described as Deepak Rathod. Modus operandi: entered the farm at night. Victim profile: livestock owner. No established connection to another FIR is recorded in this narrative.
FIR/2024/00310,Athwa PS,Surat,2024-02-18,Cattle Theft,,Priya Iyer,rural market,transported animals in a vehicle,farmer,,Complainant reported a cattle theft incident at rural market. An accused person was described as Priya Iyer. Modus operandi: transported animals in a vehicle. Victim profile: farmer. No established connection to another FIR is recorded in this narrative.
FIR/2024/00311,Chandkheda PS,Ahmedabad,2024-02-05,Cyber Fraud,,Seema Patel,online banking account,posed as customer-support staff,online shopper,,Complainant reported a cyber fraud incident at online banking account. An accused person was described as Seema Patel. Modus operandi: posed as customer-support staff. Victim profile: online shopper. No established connection to another FIR is recorded in this narrative.
FIR/2024/00312,Bopal PS,Ahmedabad,2024-02-27,Chain Snatching,,Harish Rao,bus stop,snatched gold chain from a pedestrian,adult male pedestrian,,Complainant reported a chain snatching incident at bus stop. An accused person was described as Harish Rao. Modus operandi: snatched gold chain from a pedestrian. Victim profile: adult male pedestrian. No established connection to another FIR is recorded in this narrative.
FIR/2024/00313,Athwa PS,Surat,2024-01-27,Financial Fraud,,Suresh Iyer,investment office,collected an advance and became unreachable,property owner,,Complainant reported a financial fraud incident at investment office. An accused person was described as Suresh Iyer. Modus operandi: collected an advance and became unreachable. Victim profile: property owner. No established connection to another FIR is recorded in this narrative.
FIR/2024/00314,Bopal PS,Ahmedabad,2024-01-22,Narcotics,Ramesh Chaudhary,male associated with suspected narcotics transport,transport hub,carried suspected contraband on motorcycle,intercepted courier,,Complainant reported a narcotics incident at transport hub. The accused was described as male associated with suspected narcotics transport and identified in the report as Ramesh Chaudhary. Modus operandi: carried suspected contraband on motorcycle. Victim profile: intercepted courier. Investigation is ongoing and the possible connection to other cases requires verification.
FIR/2024/00315,Alkapuri PS,Vadodara,2024-01-06,Cattle Theft,,Jignesh Solanki,rural market,cut the cattle-shed lock,farmer,,Complainant reported a cattle theft incident at rural market. An accused person was described as Jignesh Solanki. Modus operandi: cut the cattle-shed lock. Victim profile: farmer. No established connection to another FIR is recorded in this narrative.
FIR/2024/00316,Paldi PS,Ahmedabad,2024-01-06,Assault,,Priya Thakor,local bar,physical altercation,shop employee,,Complainant reported a assault incident at local bar. An accused person was described as Priya Thakor. Modus operandi: physical altercation. Victim profile: shop employee. No established connection to another FIR is recorded in this narrative.
FIR/2024/00317,Bopal PS,Ahmedabad,2024-03-27,Extortion,,Amit Bhatt,social media,used repeated threatening calls,adult woman,,Complainant reported a extortion incident at social media. An accused person was described as Amit Bhatt. Modus operandi: used repeated threatening calls. Victim profile: adult woman. No established connection to another FIR is recorded in this narrative.
FIR/2024/00318,Sector 12 PS,Ahmedabad,2024-02-01,Narcotics,,Kavita Joshi,market area,carried suspected contraband on motorcycle,public-order case,,Complainant reported a narcotics incident at market area. An accused person was described as Kavita Joshi. Modus operandi: carried suspected contraband on motorcycle. Victim profile: public-order case. No established connection to another FIR is recorded in this narrative.
FIR/2024/00319,Vastrapur PS,Ahmedabad,2024-02-02,Industrial Theft,,Jignesh Chauhan,industrial unit,removed machinery parts,warehouse operator,,Complainant reported a industrial theft incident at industrial unit. An accused person was described as Jignesh Chauhan. Modus operandi: removed machinery parts. Victim profile: warehouse operator. No established connection to another FIR is recorded in this narrative.
FIR/2024/00320,Paldi PS,Ahmedabad,2024-03-14,Cattle Theft,,Anjali Iyer,farm boundary,cut the cattle-shed lock,dairy farmer,,Complainant reported a cattle theft incident at farm boundary. An accused person was described as Anjali Iyer. Modus operandi: cut the cattle-shed lock. Victim profile: dairy farmer. No established connection to another FIR is recorded in this narrative.
FIR/2024/00321,Alkapuri PS,Vadodara,2024-03-26,Cybercrime - Harassment,,Meena Joshi,email,created a fake profile,student,,Complainant reported a cybercrime - harassment incident at email. An accused person was described as Meena Joshi. Modus operandi: created a fake profile. Victim profile: student. No established connection to another FIR is recorded in this narrative.
FIR/2024/00322,Chandkheda PS,Ahmedabad,2024-01-28,Chain Snatching,,Rahul Bhatt,residential street,approached on motorcycle and fled,adult female pedestrian,,Complainant reported a chain snatching incident at residential street. An accused person was described as Rahul Bhatt. Modus operandi: approached on motorcycle and fled. Victim profile: adult female pedestrian. No established connection to another FIR is recorded in this narrative.
FIR/2024/00323,Paldi PS,Ahmedabad,2024-02-12,Vehicle Theft,,Rahul Joshi,market parking,forced ignition and drove away,adult female vehicle owner,,Complainant reported a vehicle theft incident at market parking. An accused person was described as Rahul Joshi. Modus operandi: forced ignition and drove away. Victim profile: adult female vehicle owner. No established connection to another FIR is recorded in this narrative.
FIR/2024/00324,Chandkheda PS,Ahmedabad,2024-02-09,Cyber Fraud,,Vijay Prajapati,online banking account,posed as a bank official and requested OTP,elderly account holder,,Complainant reported a cyber fraud incident at online banking account. An accused person was described as Vijay Prajapati. Modus operandi: posed as a bank official and requested OTP. Victim profile: elderly account holder. No established connection to another FIR is recorded in this narrative.
FIR/2024/00325,Alkapuri PS,Vadodara,2024-01-21,Assault,,Rahul Shah,market,attack following an argument,shop employee,,Complainant reported a assault incident at market. An accused person was described as Rahul Shah. Modus operandi: attack following an argument. Victim profile: shop employee. No established connection to another FIR is recorded in this narrative.
FIR/2024/00326,Alkapuri PS,Vadodara,2024-01-14,Cybercrime - Harassment,,Falguni Shah,email,created a fake profile,student,,Complainant reported a cybercrime - harassment incident at email. An accused person was described as Falguni Shah. Modus operandi: created a fake profile. Victim profile: student. No established connection to another FIR is recorded in this narrative.
FIR/2024/00327,Athwa PS,Surat,2024-03-18,Kidnapping,,Anil Thakor,market area,abducted the victim during transit,young adult,,Complainant reported a kidnapping incident at market area. An accused person was described as Anil Thakor. Modus operandi: abducted the victim during transit. Victim profile: young adult. No established connection to another FIR is recorded in this narrative.
FIR/2024/00328,Alkapuri PS,Vadodara,2024-01-21,Assault,,Anil Mehta,local bar,road-rage confrontation,resident,,Complainant reported a assault incident at local bar. An accused person was described as Anil Mehta. Modus operandi: road-rage confrontation. Victim profile: resident. No established connection to another FIR is recorded in this narrative.
FIR/2024/00329,Karelibaug PS,Vadodara,2024-02-02,Industrial Theft,,Rohit Solanki,factory premises,removed machinery parts,factory owner,,Complainant reported a industrial theft incident at factory premises. An accused person was described as Rohit Solanki. Modus operandi: removed machinery parts. Victim profile: factory owner. No established connection to another FIR is recorded in this narrative.
FIR/2024/00330,Vastrapur PS,Ahmedabad,2024-03-09,Burglary,,Falguni Chauhan,residence,entered through balcony,small business owner,,Complainant reported a burglary incident at residence. An accused person was described as Falguni Chauhan. Modus operandi: entered through balcony. Victim profile: small business owner. No established connection to another FIR is recorded in this narrative.
FIR/2024/00331,Sector 12 PS,Ahmedabad,2024-03-10,Cybercrime - Harassment,,Neha Prajapati,fake profile,created a fake profile,young adult,,Complainant reported a cybercrime - harassment incident at fake profile. An accused person was described as Neha Prajapati. Modus operandi: created a fake profile. Victim profile: young adult. No established connection to another FIR is recorded in this narrative.
FIR/2024/00332,Paldi PS,Ahmedabad,2024-03-23,Assault,,Bhavna Joshi,road junction,assault with a blunt object,adult male,,Complainant reported a assault incident at road junction. An accused person was described as Bhavna Joshi. Modus operandi: assault with a blunt object. Victim profile: adult male. No established connection to another FIR is recorded in this narrative.
FIR/2024/00333,Sector 12 PS,Ahmedabad,2024-03-07,Cyber Fraud,,Neha Solanki,mobile phone,posed as customer-support staff,bank customer,,Complainant reported a cyber fraud incident at mobile phone. An accused person was described as Neha Solanki. Modus operandi: posed as customer-support staff. Victim profile: bank customer. No established connection to another FIR is recorded in this narrative.
FIR/2024/00334,Karelibaug PS,Vadodara,2024-02-19,Cyber Fraud,,Anil Rathod,UPI transaction,posed as a bank official and requested OTP,bank customer,,Complainant reported a cyber fraud incident at UPI transaction. An accused person was described as Anil Rathod. Modus operandi: posed as a bank official and requested OTP. Victim profile: bank customer. No established connection to another FIR is recorded in this narrative.
FIR/2024/00335,Chandkheda PS,Ahmedabad,2024-02-27,Cyber Fraud,,Anjali Thakor,online marketplace,posed as a bank official and requested OTP,UPI user,,Complainant reported a cyber fraud incident at online marketplace. An accused person was described as Anjali Thakor. Modus operandi: posed as a bank official and requested OTP. Victim profile: UPI user. No established connection to another FIR is recorded in this narrative.
FIR/2024/00336,Karelibaug PS,Vadodara,2024-03-21,Vehicle Theft,,Neha Rao,shopping complex parking,tampered with ignition,shop owner,,Complainant reported a vehicle theft incident at shopping complex parking. An accused person was described as Neha Rao. Modus operandi: tampered with ignition. Victim profile: shop owner. No established connection to another FIR is recorded in this narrative.
FIR/2024/00337,Vastrapur PS,Ahmedabad,2024-01-02,Industrial Theft,N,male linked to night-shift equipment theft,warehouse,stole copper wiring,warehouse operator,,Complainant reported a industrial theft incident at warehouse. The accused was described as male linked to night-shift equipment theft and identified in the report as N. Solanki. Modus operandi: stole copper wiring. Victim profile: warehouse operator. Investigation is ongoing and the possible connection to other cases requires verification.
FIR/2024/00338,Alkapuri PS,Vadodara,2024-02-09,Robbery,,Rahul Rathod,roadside shop,two masked persons threatened staff,delivery employee,,Complainant reported a robbery incident at roadside shop. An accused person was described as Rahul Rathod. Modus operandi: two masked persons threatened staff. Victim profile: delivery employee. No established connection to another FIR is recorded in this narrative.
FIR/2024/00339,Karelibaug PS,Vadodara,2024-01-26,Narcotics,,Rohit Rathod,market area,abandoned a package after police interception,suspected trafficking case,,Complainant reported a narcotics incident at market area. An accused person was described as Rohit Rathod. Modus operandi: abandoned a package after police interception. Victim profile: suspected trafficking case. No established connection to another FIR is recorded in this narrative.
FIR/2024/00340,Paldi PS,Ahmedabad,2024-03-01,Assault,,Jignesh Bhatt,local bar,road-rage confrontation,resident,,Complainant reported a assault incident at local bar. An accused person was described as Jignesh Bhatt. Modus operandi: road-rage confrontation. Victim profile: resident. No established connection to another FIR is recorded in this narrative.
FIR/2024/00341,Chandkheda PS,Ahmedabad,2024-03-25,Burglary,,Rahul Rao,office,forced rear window,office manager,,Complainant reported a burglary incident at office. An accused person was described as Rahul Rao. Modus operandi: forced rear window. Victim profile: office manager. No established connection to another FIR is recorded in this narrative.
FIR/2024/00342,Sector 12 PS,Ahmedabad,2024-03-01,Cybercrime - Harassment,,Seema Solanki,online account,sent repeated abusive messages,young adult,,Complainant reported a cybercrime - harassment incident at online account. An accused person was described as Seema Solanki. Modus operandi: sent repeated abusive messages. Victim profile: young adult. No established connection to another FIR is recorded in this narrative.
FIR/2024/00343,Varachha PS,Surat,2024-01-26,Extortion,,Anil Rao,phone call,demanded payment to stop harassment,business owner,,Complainant reported a extortion incident at phone call. An accused person was described as Anil Rao. Modus operandi: demanded payment to stop harassment. Victim profile: business owner. No established connection to another FIR is recorded in this narrative.
FIR/2024/00344,Athwa PS,Surat,2024-01-05,Extortion,,Anil Rao,WhatsApp,demanded payment to stop harassment,adult man,,Complainant reported a extortion incident at WhatsApp. An accused person was described as Anil Rao. Modus operandi: demanded payment to stop harassment. Victim profile: adult man. No established connection to another FIR is recorded in this narrative.
FIR/2024/00345,Naranpura PS,Ahmedabad,2024-02-16,Robbery,,Rahul Thakor,general store,two masked persons threatened staff,business owner,,Complainant reported a robbery incident at general store. An accused person was described as Rahul Thakor. Modus operandi: two masked persons threatened staff. Victim profile: business owner. No established connection to another FIR is recorded in this narrative.
FIR/2024/00346,Varachha PS,Surat,2024-02-10,Narcotics,,Ritika Mehta,warehouse area,transported packets in a backpack,public-order case,,Complainant reported a narcotics incident at warehouse area. An accused person was described as Ritika Mehta. Modus operandi: transported packets in a backpack. Victim profile: public-order case. No established connection to another FIR is recorded in this narrative.
FIR/2024/00347,Bopal PS,Ahmedabad,2024-02-28,Narcotics,,Priya Chauhan,warehouse area,abandoned a package after police interception,intercepted courier,,Complainant reported a narcotics incident at warehouse area. An accused person was described as Priya Chauhan. Modus operandi: abandoned a package after police interception. Victim profile: intercepted courier. No established connection to another FIR is recorded in this narrative.
FIR/2024/00348,Athwa PS,Surat,2024-02-21,Cattle Theft,,Meena Iyer,village road,removed livestock overnight,farmer,,Complainant reported a cattle theft incident at village road. An accused person was described as Meena Iyer. Modus operandi: removed livestock overnight. Victim profile: farmer. No established connection to another FIR is recorded in this narrative.
FIR/2024/00349,Paldi PS,Ahmedabad,2024-02-16,Cyber Fraud,,Seema Mehta,mobile phone,sent a phishing SMS,UPI user,,Complainant reported a cyber fraud incident at mobile phone. An accused person was described as Seema Mehta. Modus operandi: sent a phishing SMS. Victim profile: UPI user. No established connection to another FIR is recorded in this narrative.
FIR/2024/00350,Athwa PS,Surat,2024-02-16,Cyber Fraud,,Falguni Chauhan,online banking account,sent a phishing SMS,UPI user,,Complainant reported a cyber fraud incident at online banking account. An accused person was described as Falguni Chauhan. Modus operandi: sent a phishing SMS. Victim profile: UPI user. No established connection to another FIR is recorded in this narrative.
FIR/2024/00351,Alkapuri PS,Vadodara,2024-02-26,Industrial Theft,,Meena Yadav,industrial unit,stole copper wiring,factory owner,,Complainant reported a industrial theft incident at industrial unit. An accused person was described as Meena Yadav. Modus operandi: stole copper wiring. Victim profile: factory owner. No established connection to another FIR is recorded in this narrative.
FIR/2024/00352,Varachha PS,Surat,2024-01-18,Vehicle Theft,,Vijay Rao,shopping complex parking,used duplicate key,adult female vehicle owner,,Complainant reported a vehicle theft incident at shopping complex parking. An accused person was described as Vijay Rao. Modus operandi: used duplicate key. Victim profile: adult female vehicle owner. No established connection to another FIR is recorded in this narrative.
FIR/2024/00353,Bopal PS,Ahmedabad,2024-01-18,Financial Fraud,,Rahul Rao,investment office,collected an advance and became unreachable,property owner,,Complainant reported a financial fraud incident at investment office. An accused person was described as Rahul Rao. Modus operandi: collected an advance and became unreachable. Victim profile: property owner. No established connection to another FIR is recorded in this narrative.
FIR/2024/00354,Chandkheda PS,Ahmedabad,2024-01-25,Robbery,,Vijay Bhatt,petrol pump,snatched cash and fled,business owner,,Complainant reported a robbery incident at petrol pump. An accused person was described as Vijay Bhatt. Modus operandi: snatched cash and fled. Victim profile: business owner. No established connection to another FIR is recorded in this narrative.
FIR/2024/00355,Varachha PS,Surat,2024-02-19,Vehicle Theft,,Neha Solanki,bus depot,forced ignition and drove away,adult female vehicle owner,,Complainant reported a vehicle theft incident at bus depot. An accused person was described as Neha Solanki. Modus operandi: forced ignition and drove away. Victim profile: adult female vehicle owner. No established connection to another FIR is recorded in this narrative.
FIR/2024/00356,Alkapuri PS,Vadodara,2024-03-08,Financial Fraud,,Anil Prajapati,property transaction,used forged financial documents,elderly investor,,Complainant reported a financial fraud incident at property transaction. An accused person was described as Anil Prajapati. Modus operandi: used forged financial documents. Victim profile: elderly investor. No established connection to another FIR is recorded in this narrative.
FIR/2024/00357,Varachha PS,Surat,2024-02-03,Extortion,,Deepak Rao,social media,used repeated threatening calls,adult man,,Complainant reported a extortion incident at social media. An accused person was described as Deepak Rao. Modus operandi: used repeated threatening calls. Victim profile: adult man. No established connection to another FIR is recorded in this narrative.
FIR/2024/00358,Athwa PS,Surat,2024-01-10,Robbery,V,male wearing a dark hooded jacket,cash collection point,snatched cash and fled,business owner,,Complainant reported a robbery incident at cash collection point. The accused was described as male wearing a dark hooded jacket and identified in the report as V. Shah. Modus operandi: snatched cash and fled. Victim profile: business owner. Investigation is ongoing and the possible connection to other cases requires verification.
FIR/2024/00359,Alkapuri PS,Vadodara,2024-03-07,Cyber Fraud,,Rohit Bhatt,online marketplace,used social engineering to obtain UPI details,elderly account holder,,Complainant reported a cyber fraud incident at online marketplace. An accused person was described as Rohit Bhatt. Modus operandi: used social engineering to obtain UPI details. Victim profile: elderly account holder. No established connection to another FIR is recorded in this narrative.
FIR/2024/00360,Sector 12 PS,Ahmedabad,2024-01-15,Extortion,,Amit Prajapati,WhatsApp,demanded money using threats,adult woman,,Complainant reported a extortion incident at WhatsApp. An accused person was described as Amit Prajapati. Modus operandi: demanded money using threats. Victim profile: adult woman. No established connection to another FIR is recorded in this narrative.
FIR/2024/00361,Vastrapur PS,Ahmedabad,2024-01-09,Cybercrime - Harassment,,Pooja Yadav,online account,used stolen photographs,social media user,,Complainant reported a cybercrime - harassment incident at online account. An accused person was described as Pooja Yadav. Modus operandi: used stolen photographs. Victim profile: social media user. No established connection to another FIR is recorded in this narrative.
FIR/2024/00362,Bopal PS,Ahmedabad,2024-01-23,Financial Fraud,,Neha Yadav,property transaction,used forged financial documents,retail investor,,Complainant reported a financial fraud incident at property transaction. An accused person was described as Neha Yadav. Modus operandi: used forged financial documents. Victim profile: retail investor. No established connection to another FIR is recorded in this narrative.
FIR/2024/00363,Chandkheda PS,Ahmedabad,2024-03-03,Extortion,,Deepak Shah,business premises,threatened to release private images,adult woman,,Complainant reported a extortion incident at business premises. An accused person was described as Deepak Shah. Modus operandi: threatened to release private images. Victim profile: adult woman. No established connection to another FIR is recorded in this narrative.
FIR/2024/00364,Paldi PS,Ahmedabad,2024-01-25,Burglary,,Amit Shah,warehouse,entered through balcony,office manager,,Complainant reported a burglary incident at warehouse. An accused person was described as Amit Shah. Modus operandi: entered through balcony. Victim profile: office manager. No established connection to another FIR is recorded in this narrative.
FIR/2024/00365,Paldi PS,Ahmedabad,2024-02-21,Kidnapping,,Karan Shah,school vicinity,attempted abduction near a public place,adult male,,Complainant reported a kidnapping incident at school vicinity. An accused person was described as Karan Shah. Modus operandi: attempted abduction near a public place. Victim profile: adult male. No established connection to another FIR is recorded in this narrative.
FIR/2024/00366,Athwa PS,Surat,2024-01-16,Burglary,,Jignesh Shah,apartment,entered through balcony,small business owner,,Complainant reported a burglary incident at apartment. An accused person was described as Jignesh Shah. Modus operandi: entered through balcony. Victim profile: small business owner. No established connection to another FIR is recorded in this narrative.
FIR/2024/00367,Karelibaug PS,Vadodara,2024-01-17,Cyber Fraud,,Anil Thakor,UPI transaction,posed as customer-support staff,elderly account holder,,Complainant reported a cyber fraud incident at UPI transaction. An accused person was described as Anil Thakor. Modus operandi: posed as customer-support staff. Victim profile: elderly account holder. No established connection to another FIR is recorded in this narrative.
FIR/2024/00368,Chandkheda PS,Ahmedabad,2024-02-18,Assault,,Jignesh Solanki,local bar,attack following an argument,resident,,Complainant reported a assault incident at local bar. An accused person was described as Jignesh Solanki. Modus operandi: attack following an argument. Victim profile: resident. No established connection to another FIR is recorded in this narrative.
FIR/2024/00369,Varachha PS,Surat,2024-01-07,Robbery,,Suresh Rao,petrol pump,snatched cash and fled,business owner,,Complainant reported a robbery incident at petrol pump. An accused person was described as Suresh Rao. Modus operandi: snatched cash and fled. Victim profile: business owner. No established connection to another FIR is recorded in this narrative.
FIR/2024/00370,Paldi PS,Ahmedabad,2024-03-09,Narcotics,,Jignesh Trivedi,highway toll,transported packets in a backpack,intercepted courier,,Complainant reported a narcotics incident at highway toll. An accused person was described as Jignesh Trivedi. Modus operandi: transported packets in a backpack. Victim profile: intercepted courier. No established connection to another FIR is recorded in this narrative.
FIR/2024/00371,Karelibaug PS,Vadodara,2024-03-06,Robbery,,Anil Patel,cash collection point,used physical intimidation,shopkeeper,,Complainant reported a robbery incident at cash collection point. An accused person was described as Anil Patel. Modus operandi: used physical intimidation. Victim profile: shopkeeper. No established connection to another FIR is recorded in this narrative.
FIR/2024/00372,Naranpura PS,Ahmedabad,2024-01-22,Chain Snatching,,Meena Yadav,lake road,snatched gold chain from a pedestrian,adult male pedestrian,,Complainant reported a chain snatching incident at lake road. An accused person was described as Meena Yadav. Modus operandi: snatched gold chain from a pedestrian. Victim profile: adult male pedestrian. No established connection to another FIR is recorded in this narrative.
FIR/2024/00373,Athwa PS,Surat,2024-02-09,Assault,,Kavita Rao,road junction,physical altercation,resident,,Complainant reported a assault incident at road junction. An accused person was described as Kavita Rao. Modus operandi: physical altercation. Victim profile: resident. No established connection to another FIR is recorded in this narrative.
FIR/2024/00374,Alkapuri PS,Vadodara,2024-02-28,Cattle Theft,,Falguni Bhatt,rural market,removed livestock overnight,dairy farmer,,Complainant reported a cattle theft incident at rural market. An accused person was described as Falguni Bhatt. Modus operandi: removed livestock overnight. Victim profile: dairy farmer. No established connection to another FIR is recorded in this narrative.
FIR/2024/00375,Naranpura PS,Ahmedabad,2024-03-02,Assault,,Seema Desai,residential society,attack following an argument,adult female,,Complainant reported a assault incident at residential society. An accused person was described as Seema Desai. Modus operandi: attack following an argument. Victim profile: adult female. No established connection to another FIR is recorded in this narrative.
FIR/2024/00376,Chandkheda PS,Ahmedabad,2024-03-19,Vehicle Theft,Ravi Patel,"male, approximately 28 years old, dark jacket",shopping complex parking,forced ignition and drove away,adult male vehicle owner,,"Complainant reported a vehicle theft incident at shopping complex parking. The accused was described as male, approximately 28 years old, dark jacket and identified in the report as Ravi Patel. Modus operandi: forced ignition and drove away. Victim profile: adult male vehicle owner. Investigation is ongoing and the possible connection to other cases requires verification."
FIR/2024/00377,Karelibaug PS,Vadodara,2024-03-24,Robbery,,Jignesh Rathod,cash collection point,two masked persons threatened staff,business owner,,Complainant reported a robbery incident at cash collection point. An accused person was described as Jignesh Rathod. Modus operandi: two masked persons threatened staff. Victim profile: business owner. No established connection to another FIR is recorded in this narrative.
FIR/2024/00378,Athwa PS,Surat,2024-03-23,Robbery,,Pooja Iyer,general store,used physical intimidation,delivery employee,,Complainant reported a robbery incident at general store. An accused person was described as Pooja Iyer. Modus operandi: used physical intimidation. Victim profile: delivery employee. No established connection to another FIR is recorded in this narrative.
FIR/2024/00379,Athwa PS,Surat,2024-02-09,Burglary,,Anil Solanki,residence,forced rear window,office manager,,Complainant reported a burglary incident at residence. An accused person was described as Anil Solanki. Modus operandi: forced rear window. Victim profile: office manager. No established connection to another FIR is recorded in this narrative.
FIR/2024/00380,Sector 12 PS,Ahmedabad,2024-01-05,Burglary,,Bhavna Patel,residence,broke door lock,family residence,,Complainant reported a burglary incident at residence. An accused person was described as Bhavna Patel. Modus operandi: broke door lock. Victim profile: family residence. No established connection to another FIR is recorded in this narrative.
FIR/2024/00381,Alkapuri PS,Vadodara,2024-03-04,Cattle Theft,,Vijay Patel,farmland,cut the cattle-shed lock,livestock owner,,Complainant reported a cattle theft incident at farmland. An accused person was described as Vijay Patel. Modus operandi: cut the cattle-shed lock. Victim profile: livestock owner. No established connection to another FIR is recorded in this narrative.
FIR/2024/00382,Vastrapur PS,Ahmedabad,2024-01-27,Robbery,,Meena Shah,petrol pump,snatched cash and fled,cashier,,Complainant reported a robbery incident at petrol pump. An accused person was described as Meena Shah. Modus operandi: snatched cash and fled. Victim profile: cashier. No established connection to another FIR is recorded in this narrative.
FIR/2024/00383,Paldi PS,Ahmedabad,2024-03-09,Burglary,,Pooja Shah,apartment,forced rear window,shop owner,,Complainant reported a burglary incident at apartment. An accused person was described as Pooja Shah. Modus operandi: forced rear window. Victim profile: shop owner. No established connection to another FIR is recorded in this narrative.
FIR/2024/00384,Bopal PS,Ahmedabad,2024-03-26,Assault,,Rohit Thakor,local bar,assault with a blunt object,shop employee,,Complainant reported a assault incident at local bar. An accused person was described as Rohit Thakor. Modus operandi: assault with a blunt object. Victim profile: shop employee. No established connection to another FIR is recorded in this narrative.
FIR/2024/00385,Chandkheda PS,Ahmedabad,2024-03-15,Assault,,Rohit Rao,local bar,physical altercation,shop employee,,Complainant reported a assault incident at local bar. An accused person was described as Rohit Rao. Modus operandi: physical altercation. Victim profile: shop employee. No established connection to another FIR is recorded in this narrative.
FIR/2024/00386,Karelibaug PS,Vadodara,2024-03-12,Chain Snatching,,Pooja Shah,lake road,approached on motorcycle and fled,adult male pedestrian,,Complainant reported a chain snatching incident at lake road. An accused person was described as Pooja Shah. Modus operandi: approached on motorcycle and fled. Victim profile: adult male pedestrian. No established connection to another FIR is recorded in this narrative.
FIR/2024/00387,Paldi PS,Ahmedabad,2024-01-09,Robbery,Vikram Shah,male wearing a dark hooded jacket,roadside shop,threatened with knife,business owner,,Complainant reported a robbery incident at roadside shop. The accused was described as male wearing a dark hooded jacket and identified in the report as Vikram Shah. Modus operandi: threatened with knife. Victim profile: business owner. Investigation is ongoing and the possible connection to other cases requires verification.
FIR/2024/00388,Sector 12 PS,Ahmedabad,2024-03-18,Kidnapping,,Jignesh Bhatt,bus stop,lured the victim into a vehicle,young adult,,Complainant reported a kidnapping incident at bus stop. An accused person was described as Jignesh Bhatt. Modus operandi: lured the victim into a vehicle. Victim profile: young adult. No established connection to another FIR is recorded in this narrative.
FIR/2024/00389,Naranpura PS,Ahmedabad,2024-01-09,Robbery,,Pooja Iyer,roadside shop,snatched cash and fled,cashier,,Complainant reported a robbery incident at roadside shop. An accused person was described as Pooja Iyer. Modus operandi: snatched cash and fled. Victim profile: cashier. No established connection to another FIR is recorded in this narrative.
FIR/2024/00390,Bopal PS,Ahmedabad,2024-02-08,Financial Fraud,,Harish Iyer,property transaction,collected an advance and became unreachable,small business owner,,Complainant reported a financial fraud incident at property transaction. An accused person was described as Harish Iyer. Modus operandi: collected an advance and became unreachable. Victim profile: small business owner. No established connection to another FIR is recorded in this narrative.
FIR/2024/00391,Varachha PS,Surat,2024-03-26,Cybercrime - Harassment,,Amit Iyer,messaging platform,used stolen photographs,social media user,,Complainant reported a cybercrime - harassment incident at messaging platform. An accused person was described as Amit Iyer. Modus operandi: used stolen photographs. Victim profile: social media user. No established connection to another FIR is recorded in this narrative.
FIR/2024/00392,Sector 12 PS,Ahmedabad,2024-02-08,Burglary,,Deepak Chauhan,residence,broke door lock,small business owner,,Complainant reported a burglary incident at residence. An accused person was described as Deepak Chauhan. Modus operandi: broke door lock. Victim profile: small business owner. No established connection to another FIR is recorded in this narrative.
FIR/2024/00393,Athwa PS,Surat,2024-02-15,Assault,,Deepak Thakor,residential society,assault with a blunt object,shop employee,,Complainant reported a assault incident at residential society. An accused person was described as Deepak Thakor. Modus operandi: assault with a blunt object. Victim profile: shop employee. No established connection to another FIR is recorded in this narrative.
FIR/2024/00394,Naranpura PS,Ahmedabad,2024-02-23,Cybercrime - Harassment,,Falguni Prajapati,social media,used stolen photographs,social media user,,Complainant reported a cybercrime - harassment incident at social media. An accused person was described as Falguni Prajapati. Modus operandi: used stolen photographs. Victim profile: social media user. No established connection to another FIR is recorded in this narrative.
FIR/2024/00395,Vastrapur PS,Ahmedabad,2024-01-12,Cattle Theft,,Jignesh Rathod,cattle shed,entered the farm at night,farmer,,Complainant reported a cattle theft incident at cattle shed. An accused person was described as Jignesh Rathod. Modus operandi: entered the farm at night. Victim profile: farmer. No established connection to another FIR is recorded in this narrative.
FIR/2024/00396,Alkapuri PS,Vadodara,2024-02-13,Cyber Fraud,,Karan Trivedi,UPI transaction,used social engineering to obtain UPI details,online shopper,,Complainant reported a cyber fraud incident at UPI transaction. An accused person was described as Karan Trivedi. Modus operandi: used social engineering to obtain UPI details. Victim profile: online shopper. No established connection to another FIR is recorded in this narrative.
FIR/2024/00397,Vastrapur PS,Ahmedabad,2024-02-05,Cattle Theft,,Anil Trivedi,cattle shed,transported animals in a vehicle,farmer,,Complainant reported a cattle theft incident at cattle shed. An accused person was described as Anil Trivedi. Modus operandi: transported animals in a vehicle. Victim profile: farmer. No established connection to another FIR is recorded in this narrative.
FIR/2024/00398,Vastrapur PS,Ahmedabad,2024-03-14,Assault,,Ritika Solanki,parking area,road-rage confrontation,adult male,,Complainant reported a assault incident at parking area. An accused person was described as Ritika Solanki. Modus operandi: road-rage confrontation. Victim profile: adult male. No established connection to another FIR is recorded in this narrative.
FIR/2024/00399,Karelibaug PS,Vadodara,2024-01-27,Robbery,,Ritika Shah,general store,two masked persons threatened staff,shopkeeper,,Complainant reported a robbery incident at general store. An accused person was described as Ritika Shah. Modus operandi: two masked persons threatened staff. Victim profile: shopkeeper. No established connection to another FIR is recorded in this narrative.
FIR/2024/00400,Varachha PS,Surat,2024-01-28,Extortion,,Kavita Desai,social media,used repeated threatening calls,adult woman,,Complainant reported a extortion incident at social media. An accused person was described as Kavita Desai. Modus operandi: used repeated threatening calls. Victim profile: adult woman. No established connection to another FIR is recorded in this narrative.
FIR/2024/00401,Paldi PS,Ahmedabad,2024-02-20,Robbery,,Bhavna Solanki,general store,threatened with knife,delivery employee,,Complainant reported a robbery incident at general store. An accused person was described as Bhavna Solanki. Modus operandi: threatened with knife. Victim profile: delivery employee. No established connection to another FIR is recorded in this narrative.
FIR/2024/00402,Paldi PS,Ahmedabad,2024-03-11,Financial Fraud,A,male investment agent using a high-return scheme,property transaction,posed as an investment agent,retail investor,,Complainant reported a financial fraud incident at property transaction. The accused was described as male investment agent using a high-return scheme and identified in the report as A. Mehta. Modus operandi: posed as an investment agent. Victim profile: retail investor. Investigation is ongoing and the possible connection to other cases requires verification.
FIR/2024/00403,Athwa PS,Surat,2024-01-14,Extortion,,Jignesh Yadav,phone call,demanded payment to stop harassment,adult woman,,Complainant reported a extortion incident at phone call. An accused person was described as Jignesh Yadav. Modus operandi: demanded payment to stop harassment. Victim profile: adult woman. No established connection to another FIR is recorded in this narrative.
FIR/2024/00404,Varachha PS,Surat,2024-01-04,Cybercrime - Harassment,,Anjali Thakor,email,sent threatening messages online,professional woman,,Complainant reported a cybercrime - harassment incident at email. An accused person was described as Anjali Thakor. Modus operandi: sent threatening messages online. Victim profile: professional woman. No established connection to another FIR is recorded in this narrative.
FIR/2024/00405,Athwa PS,Surat,2024-03-12,Vehicle Theft,Ravi Patel,"male, approximately 28 years old, dark jacket",market parking,used duplicate key,adult male vehicle owner,,"Complainant reported a vehicle theft incident at market parking. The accused was described as male, approximately 28 years old, dark jacket and identified in the report as Ravi Patel. Modus operandi: used duplicate key. Victim profile: adult male vehicle owner. Investigation is ongoing and the possible connection to other cases requires verification."
FIR/2024/00406,Paldi PS,Ahmedabad,2024-02-18,Narcotics,Ramesh C.,male associated with suspected narcotics transport,transport hub,carried suspected contraband on motorcycle,suspected trafficking case,,Complainant reported a narcotics incident at transport hub. The accused was described as male associated with suspected narcotics transport and identified in the report as Ramesh C.. Modus operandi: carried suspected contraband on motorcycle. Victim profile: suspected trafficking case. Investigation is ongoing and the possible connection to other cases requires verification.
FIR/2024/00407,Alkapuri PS,Vadodara,2024-02-26,Assault,,Ritika Iyer,parking area,attack following an argument,adult male,,Complainant reported a assault incident at parking area. An accused person was described as Ritika Iyer. Modus operandi: attack following an argument. Victim profile: adult male. No established connection to another FIR is recorded in this narrative.
FIR/2024/00408,Alkapuri PS,Vadodara,2024-01-22,Cybercrime - Harassment,,Vijay Bhatt,email,sent threatening messages online,professional woman,,Complainant reported a cybercrime - harassment incident at email. An accused person was described as Vijay Bhatt. Modus operandi: sent threatening messages online. Victim profile: professional woman. No established connection to another FIR is recorded in this narrative.
FIR/2024/00409,Naranpura PS,Ahmedabad,2024-01-09,Financial Fraud,,Kavita Thakor,property transaction,collected an advance and became unreachable,elderly investor,,Complainant reported a financial fraud incident at property transaction. An accused person was described as Kavita Thakor. Modus operandi: collected an advance and became unreachable. Victim profile: elderly investor. No established connection to another FIR is recorded in this narrative.
FIR/2024/00410,Naranpura PS,Ahmedabad,2024-03-20,Financial Fraud,,Jignesh Trivedi,property transaction,collected an advance and became unreachable,retail investor,,Complainant reported a financial fraud incident at property transaction. An accused person was described as Jignesh Trivedi. Modus operandi: collected an advance and became unreachable. Victim profile: retail investor. No established connection to another FIR is recorded in this narrative.
FIR/2024/00411,Paldi PS,Ahmedabad,2024-01-02,Chain Snatching,,Anil Solanki,market road,grabbed necklace while riding past,elderly woman,,Complainant reported a chain snatching incident at market road. An accused person was described as Anil Solanki. Modus operandi: grabbed necklace while riding past. Victim profile: elderly woman. No established connection to another FIR is recorded in this narrative.
FIR/2024/00412,Naranpura PS,Ahmedabad,2024-03-03,Chain Snatching,,Pooja Prajapati,residential street,snatched gold chain from a pedestrian,adult female pedestrian,,Complainant reported a chain snatching incident at residential street. An accused person was described as Pooja Prajapati. Modus operandi: snatched gold chain from a pedestrian. Victim profile: adult female pedestrian. No established connection to another FIR is recorded in this narrative.
FIR/2024/00413,Chandkheda PS,Ahmedabad,2024-02-03,Assault,,Harish Solanki,residential society,attack following an argument,resident,,Complainant reported a assault incident at residential society. An accused person was described as Harish Solanki. Modus operandi: attack following an argument. Victim profile: resident. No established connection to another FIR is recorded in this narrative.
FIR/2024/00414,Sector 12 PS,Ahmedabad,2024-02-09,Vehicle Theft,,Kavita Shah,shopping complex parking,broke steering lock,adult female vehicle owner,,Complainant reported a vehicle theft incident at shopping complex parking. An accused person was described as Kavita Shah. Modus operandi: broke steering lock. Victim profile: adult female vehicle owner. No established connection to another FIR is recorded in this narrative.
FIR/2024/00415,Paldi PS,Ahmedabad,2024-01-05,Chain Snatching,Iqbal S.,"male rider on a black motorcycle, no helmet",residential street,targeted pedestrian and escaped on motorcycle,adult male pedestrian,,"Complainant reported a chain snatching incident at residential street. The accused was described as male rider on a black motorcycle, no helmet and identified in the report as Iqbal S.. Modus operandi: targeted pedestrian and escaped on motorcycle. Victim profile: adult male pedestrian. Investigation is ongoing and the possible connection to other cases requires verification."
FIR/2024/00416,Karelibaug PS,Vadodara,2024-02-21,Cybercrime - Harassment,,Amit Trivedi,messaging platform,sent threatening messages online,professional woman,,Complainant reported a cybercrime - harassment incident at messaging platform. An accused person was described as Amit Trivedi. Modus operandi: sent threatening messages online. Victim profile: professional woman. No established connection to another FIR is recorded in this narrative.
FIR/2024/00417,Alkapuri PS,Vadodara,2024-03-05,Narcotics,,Seema Solanki,warehouse area,used a vehicle to move suspected narcotics,suspected trafficking case,,Complainant reported a narcotics incident at warehouse area. An accused person was described as Seema Solanki. Modus operandi: used a vehicle to move suspected narcotics. Victim profile: suspected trafficking case. No established connection to another FIR is recorded in this narrative.
FIR/2024/00418,Vastrapur PS,Ahmedabad,2024-03-21,Chain Snatching,,Jignesh Joshi,bus stop,approached on motorcycle and fled,elderly woman,,Complainant reported a chain snatching incident at bus stop. An accused person was described as Jignesh Joshi. Modus operandi: approached on motorcycle and fled. Victim profile: elderly woman. No established connection to another FIR is recorded in this narrative.
FIR/2024/00419,Varachha PS,Surat,2024-03-24,Burglary,,Suresh Joshi,shop,used a copied key,small business owner,,Complainant reported a burglary incident at shop. An accused person was described as Suresh Joshi. Modus operandi: used a copied key. Victim profile: small business owner. No established connection to another FIR is recorded in this narrative.
FIR/2024/00420,Naranpura PS,Ahmedabad,2024-02-23,Cattle Theft,,Harish Prajapati,cattle shed,transported animals in a vehicle,dairy farmer,,Complainant reported a cattle theft incident at cattle shed. An accused person was described as Harish Prajapati. Modus operandi: transported animals in a vehicle. Victim profile: dairy farmer. No established connection to another FIR is recorded in this narrative.
FIR/2024/00421,Athwa PS,Surat,2024-03-06,Kidnapping,,Kavita Rao,bus stop,abducted the victim during transit,minor,,Complainant reported a kidnapping incident at bus stop. An accused person was described as Kavita Rao. Modus operandi: abducted the victim during transit. Victim profile: minor. No established connection to another FIR is recorded in this narrative.
FIR/2024/00422,Chandkheda PS,Ahmedabad,2024-03-05,Vehicle Theft,,Meena Rao,shopping complex parking,used duplicate key,adult male vehicle owner,,Complainant reported a vehicle theft incident at shopping complex parking. An accused person was described as Meena Rao. Modus operandi: used duplicate key. Victim profile: adult male vehicle owner. No established connection to another FIR is recorded in this narrative.
FIR/2024/00423,Naranpura PS,Ahmedabad,2024-02-26,Assault,,Suresh Rathod,road junction,assault with a blunt object,resident,,Complainant reported a assault incident at road junction. An accused person was described as Suresh Rathod. Modus operandi: assault with a blunt object. Victim profile: resident. No established connection to another FIR is recorded in this narrative.
FIR/2024/00424,Varachha PS,Surat,2024-02-10,Industrial Theft,,Anjali Trivedi,warehouse,tampered with gate lock,factory owner,,Complainant reported a industrial theft incident at warehouse. An accused person was described as Anjali Trivedi. Modus operandi: tampered with gate lock. Victim profile: factory owner. No established connection to another FIR is recorded in this narrative.
FIR/2024/00425,Paldi PS,Ahmedabad,2024-01-25,Cyber Fraud,,Rahul Yadav,e-commerce account,used social engineering to obtain UPI details,online shopper,,Complainant reported a cyber fraud incident at e-commerce account. An accused person was described as Rahul Yadav. Modus operandi: used social engineering to obtain UPI details. Victim profile: online shopper. No established connection to another FIR is recorded in this narrative.
FIR/2024/00426,Varachha PS,Surat,2024-03-07,Assault,,Bhavna Desai,residential society,physical altercation,adult female,,Complainant reported a assault incident at residential society. An accused person was described as Bhavna Desai. Modus operandi: physical altercation. Victim profile: adult female. No established connection to another FIR is recorded in this narrative.
FIR/2024/00427,Chandkheda PS,Ahmedabad,2024-02-18,Extortion,,Rohit Mehta,business premises,demanded money using threats,adult man,,Complainant reported a extortion incident at business premises. An accused person was described as Rohit Mehta. Modus operandi: demanded money using threats. Victim profile: adult man. No established connection to another FIR is recorded in this narrative.
FIR/2024/00428,Naranpura PS,Ahmedabad,2024-02-11,Cyber Fraud,Sunil Yadav,male caller using social engineering; phone ending 4471,UPI transaction,sent a phishing SMS,online shopper,,Complainant reported a cyber fraud incident at UPI transaction. The accused was described as male caller using social engineering; phone ending 4471 and identified in the report as Sunil Yadav. Modus operandi: sent a phishing SMS. Victim profile: online shopper. Investigation is ongoing and the possible connection to other cases requires verification.
FIR/2024/00429,Bopal PS,Ahmedabad,2024-02-20,Industrial Theft,,Falguni Desai,factory premises,removed machinery parts,factory owner,,Complainant reported a industrial theft incident at factory premises. An accused person was described as Falguni Desai. Modus operandi: removed machinery parts. Victim profile: factory owner. No established connection to another FIR is recorded in this narrative.
FIR/2024/00430,Karelibaug PS,Vadodara,2024-03-17,Industrial Theft,,Falguni Thakor,GIDC premises,stole copper wiring,factory owner,,Complainant reported a industrial theft incident at GIDC premises. An accused person was described as Falguni Thakor. Modus operandi: stole copper wiring. Victim profile: factory owner. No established connection to another FIR is recorded in this narrative.
FIR/2024/00431,Alkapuri PS,Vadodara,2024-01-14,Cyber Fraud,,Neha Iyer,online banking account,used social engineering to obtain UPI details,elderly account holder,,Complainant reported a cyber fraud incident at online banking account. An accused person was described as Neha Iyer. Modus operandi: used social engineering to obtain UPI details. Victim profile: elderly account holder. No established connection to another FIR is recorded in this narrative.
FIR/2024/00432,Sector 12 PS,Ahmedabad,2024-03-05,Financial Fraud,,Karan Shah,online investment platform,collected an advance and became unreachable,property owner,,Complainant reported a financial fraud incident at online investment platform. An accused person was described as Karan Shah. Modus operandi: collected an advance and became unreachable. Victim profile: property owner. No established connection to another FIR is recorded in this narrative.
FIR/2024/00433,Bopal PS,Ahmedabad,2024-03-17,Cattle Theft,,Deepak Joshi,farmland,entered the farm at night,livestock owner,,Complainant reported a cattle theft incident at farmland. An accused person was described as Deepak Joshi. Modus operandi: entered the farm at night. Victim profile: livestock owner. No established connection to another FIR is recorded in this narrative.
FIR/2024/00434,Paldi PS,Ahmedabad,2024-02-24,Cyber Fraud,,Vijay Joshi,online banking account,posed as customer-support staff,UPI user,,Complainant reported a cyber fraud incident at online banking account. An accused person was described as Vijay Joshi. Modus operandi: posed as customer-support staff. Victim profile: UPI user. No established connection to another FIR is recorded in this narrative.
FIR/2024/00435,Naranpura PS,Ahmedabad,2024-01-17,Robbery,,Vijay Desai,market lane,snatched cash and fled,shopkeeper,,Complainant reported a robbery incident at market lane. An accused person was described as Vijay Desai. Modus operandi: snatched cash and fled. Victim profile: shopkeeper. No established connection to another FIR is recorded in this narrative.
FIR/2024/00436,Bopal PS,Ahmedabad,2024-02-25,Cybercrime - Harassment,,Jignesh Mehta,online account,sent repeated abusive messages,social media user,,Complainant reported a cybercrime - harassment incident at online account. An accused person was described as Jignesh Mehta. Modus operandi: sent repeated abusive messages. Victim profile: social media user. No established connection to another FIR is recorded in this narrative.
FIR/2024/00437,Varachha PS,Surat,2024-02-04,Industrial Theft,N,male linked to night-shift equipment theft,construction site,stole copper wiring,warehouse operator,,Complainant reported a industrial theft incident at construction site. The accused was described as male linked to night-shift equipment theft and identified in the report as N. Solanki. Modus operandi: stole copper wiring. Victim profile: warehouse operator. Investigation is ongoing and the possible connection to other cases requires verification.
FIR/2024/00438,Vastrapur PS,Ahmedabad,2024-03-25,Chain Snatching,,Anjali Rathod,market road,snatched gold chain from a pedestrian,elderly woman,,Complainant reported a chain snatching incident at market road. An accused person was described as Anjali Rathod. Modus operandi: snatched gold chain from a pedestrian. Victim profile: elderly woman. No established connection to another FIR is recorded in this narrative.
FIR/2024/00439,Alkapuri PS,Vadodara,2024-02-12,Burglary,,Priya Mehta,shop,forced rear window,shop owner,,Complainant reported a burglary incident at shop. An accused person was described as Priya Mehta. Modus operandi: forced rear window. Victim profile: shop owner. No established connection to another FIR is recorded in this narrative.
FIR/2024/00440,Bopal PS,Ahmedabad,2024-03-19,Narcotics,,Deepak Rathod,highway toll,abandoned a package after police interception,public-order case,,Complainant reported a narcotics incident at highway toll. An accused person was described as Deepak Rathod. Modus operandi: abandoned a package after police interception. Victim profile: public-order case. No established connection to another FIR is recorded in this narrative.
FIR/2024/00441,Vastrapur PS,Ahmedabad,2024-02-24,Cyber Fraud,Sunil Yadav,male caller using social engineering; phone ending 4471,online marketplace,posed as customer-support staff,UPI user,,Complainant reported a cyber fraud incident at online marketplace. The accused was described as male caller using social engineering; phone ending 4471 and identified in the report as Sunil Yadav. Modus operandi: posed as customer-support staff. Victim profile: UPI user. Investigation is ongoing and the possible connection to other cases requires verification.
FIR/2024/00442,Vastrapur PS,Ahmedabad,2024-03-25,Assault,,Amit Iyer,local bar,attack following an argument,resident,,Complainant reported a assault incident at local bar. An accused person was described as Amit Iyer. Modus operandi: attack following an argument. Victim profile: resident. No established connection to another FIR is recorded in this narrative.
FIR/2024/00443,Naranpura PS,Ahmedabad,2024-03-02,Narcotics,,Anil Rathod,market area,used a vehicle to move suspected narcotics,suspected trafficking case,,Complainant reported a narcotics incident at market area. An accused person was described as Anil Rathod. Modus operandi: used a vehicle to move suspected narcotics. Victim profile: suspected trafficking case. No established connection to another FIR is recorded in this narrative.
FIR/2024/00444,Vastrapur PS,Ahmedabad,2024-01-04,Cybercrime - Harassment,,Seema Prajapati,fake profile,sent repeated abusive messages,social media user,,Complainant reported a cybercrime - harassment incident at fake profile. An accused person was described as Seema Prajapati. Modus operandi: sent repeated abusive messages. Victim profile: social media user. No established connection to another FIR is recorded in this narrative.
FIR/2024/00445,Alkapuri PS,Vadodara,2024-03-12,Financial Fraud,,Falguni Trivedi,loan service,promised high returns and collected money,retail investor,,Complainant reported a financial fraud incident at loan service. An accused person was described as Falguni Trivedi. Modus operandi: promised high returns and collected money. Victim profile: retail investor. No established connection to another FIR is recorded in this narrative.
FIR/2024/00446,Alkapuri PS,Vadodara,2024-03-01,Vehicle Theft,R,"male, approximately 28 years old, dark jacket",residential lane,used duplicate key,delivery worker,,"Complainant reported a vehicle theft incident at residential lane. The accused was described as male, approximately 28 years old, dark jacket and identified in the report as R. Patel. Modus operandi: used duplicate key. Victim profile: delivery worker. Investigation is ongoing and the possible connection to other cases requires verification."
FIR/2024/00447,Sector 12 PS,Ahmedabad,2024-01-19,Vehicle Theft,,Anil Rao,market parking,used duplicate key,adult male vehicle owner,,Complainant reported a vehicle theft incident at market parking. An accused person was described as Anil Rao. Modus operandi: used duplicate key. Victim profile: adult male vehicle owner. No established connection to another FIR is recorded in this narrative.
FIR/2024/00448,Naranpura PS,Ahmedabad,2024-02-22,Cattle Theft,,Anil Mehta,cattle shed,transported animals in a vehicle,livestock owner,,Complainant reported a cattle theft incident at cattle shed. An accused person was described as Anil Mehta. Modus operandi: transported animals in a vehicle. Victim profile: livestock owner. No established connection to another FIR is recorded in this narrative.
FIR/2024/00449,Karelibaug PS,Vadodara,2024-02-06,Financial Fraud,,Falguni Chauhan,online investment platform,used forged financial documents,elderly investor,,Complainant reported a financial fraud incident at online investment platform. An accused person was described as Falguni Chauhan. Modus operandi: used forged financial documents. Victim profile: elderly investor. No established connection to another FIR is recorded in this narrative.
FIR/2024/00450,Chandkheda PS,Ahmedabad,2024-03-01,Cattle Theft,,Pooja Patel,village road,transported animals in a vehicle,livestock owner,,Complainant reported a cattle theft incident at village road. An accused person was described as Pooja Patel. Modus operandi: transported animals in a vehicle. Victim profile: livestock owner. No established connection to another FIR is recorded in this narrative.
FIR/2024/00451,Paldi PS,Ahmedabad,2024-01-12,Assault,,Seema Iyer,residential society,physical altercation,adult male,,Complainant reported a assault incident at residential society. An accused person was described as Seema Iyer. Modus operandi: physical altercation. Victim profile: adult male. No established connection to another FIR is recorded in this narrative.
FIR/2024/00452,Bopal PS,Ahmedabad,2024-02-01,Kidnapping,,Karan Desai,market area,forced the victim into a vehicle,young adult,,Complainant reported a kidnapping incident at market area. An accused person was described as Karan Desai. Modus operandi: forced the victim into a vehicle. Victim profile: young adult. No established connection to another FIR is recorded in this narrative.
FIR/2024/00453,Chandkheda PS,Ahmedabad,2024-03-05,Financial Fraud,,Pooja Desai,loan service,used forged financial documents,elderly investor,,Complainant reported a financial fraud incident at loan service. An accused person was described as Pooja Desai. Modus operandi: used forged financial documents. Victim profile: elderly investor. No established connection to another FIR is recorded in this narrative.
FIR/2024/00454,Alkapuri PS,Vadodara,2024-01-27,Burglary,Mahesh J.,heavyset male with a mustache,apartment,forced rear window,shop owner,,Complainant reported a burglary incident at apartment. The accused was described as heavyset male with a mustache and identified in the report as Mahesh J.. Modus operandi: forced rear window. Victim profile: shop owner. Investigation is ongoing and the possible connection to other cases requires verification.
FIR/2024/00455,Vastrapur PS,Ahmedabad,2024-01-09,Assault,,Vijay Solanki,market,attack following an argument,resident,,Complainant reported a assault incident at market. An accused person was described as Vijay Solanki. Modus operandi: attack following an argument. Victim profile: resident. No established connection to another FIR is recorded in this narrative.
FIR/2024/00456,Naranpura PS,Ahmedabad,2024-03-01,Financial Fraud,,Bhavna Thakor,business transaction,promised high returns and collected money,retail investor,,Complainant reported a financial fraud incident at business transaction. An accused person was described as Bhavna Thakor. Modus operandi: promised high returns and collected money. Victim profile: retail investor. No established connection to another FIR is recorded in this narrative.
FIR/2024/00457,Alkapuri PS,Vadodara,2024-01-23,Industrial Theft,,Suresh Shah,GIDC premises,removed equipment during night shift,contractor,,Complainant reported a industrial theft incident at GIDC premises. An accused person was described as Suresh Shah. Modus operandi: removed equipment during night shift. Victim profile: contractor. No established connection to another FIR is recorded in this narrative.
FIR/2024/00458,Naranpura PS,Ahmedabad,2024-01-25,Extortion,,Seema Rao,online messaging platform,demanded payment to stop harassment,adult man,,Complainant reported a extortion incident at online messaging platform. An accused person was described as Seema Rao. Modus operandi: demanded payment to stop harassment. Victim profile: adult man. No established connection to another FIR is recorded in this narrative.
FIR/2024/00459,Vastrapur PS,Ahmedabad,2024-01-27,Chain Snatching,,Bhavna Shah,lake road,approached on motorcycle and fled,elderly woman,,Complainant reported a chain snatching incident at lake road. An accused person was described as Bhavna Shah. Modus operandi: approached on motorcycle and fled. Victim profile: elderly woman. No established connection to another FIR is recorded in this narrative.
FIR/2024/00460,Vastrapur PS,Ahmedabad,2024-03-26,Vehicle Theft,,Anjali Rathod,market parking,broke steering lock,delivery worker,,Complainant reported a vehicle theft incident at market parking. An accused person was described as Anjali Rathod. Modus operandi: broke steering lock. Victim profile: delivery worker. No established connection to another FIR is recorded in this narrative.
FIR/2024/00461,Bopal PS,Ahmedabad,2024-02-09,Vehicle Theft,,Meena Desai,shopping complex parking,broke steering lock,shop owner,,Complainant reported a vehicle theft incident at shopping complex parking. An accused person was described as Meena Desai. Modus operandi: broke steering lock. Victim profile: shop owner. No established connection to another FIR is recorded in this narrative.
FIR/2024/00462,Karelibaug PS,Vadodara,2024-03-24,Industrial Theft,,Meena Rao,warehouse,removed equipment during night shift,site manager,,Complainant reported a industrial theft incident at warehouse. An accused person was described as Meena Rao. Modus operandi: removed equipment during night shift. Victim profile: site manager. No established connection to another FIR is recorded in this narrative.
FIR/2024/00463,Athwa PS,Surat,2024-01-12,Narcotics,,Deepak Thakor,bus stand,transported packets in a backpack,public-order case,,Complainant reported a narcotics incident at bus stand. An accused person was described as Deepak Thakor. Modus operandi: transported packets in a backpack. Victim profile: public-order case. No established connection to another FIR is recorded in this narrative.
FIR/2024/00464,Athwa PS,Surat,2024-03-21,Extortion,,Rohit Trivedi,online messaging platform,demanded money using threats,business owner,,Complainant reported a extortion incident at online messaging platform. An accused person was described as Rohit Trivedi. Modus operandi: demanded money using threats. Victim profile: business owner. No established connection to another FIR is recorded in this narrative.
FIR/2024/00465,Alkapuri PS,Vadodara,2024-02-07,Kidnapping,,Jignesh Iyer,school vicinity,attempted abduction near a public place,adult male,,Complainant reported a kidnapping incident at school vicinity. An accused person was described as Jignesh Iyer. Modus operandi: attempted abduction near a public place. Victim profile: adult male. No established connection to another FIR is recorded in this narrative.
FIR/2024/00466,Naranpura PS,Ahmedabad,2024-03-10,Narcotics,,Suresh Bhatt,highway toll,transported packets in a backpack,suspected trafficking case,,Complainant reported a narcotics incident at highway toll. An accused person was described as Suresh Bhatt. Modus operandi: transported packets in a backpack. Victim profile: suspected trafficking case. No established connection to another FIR is recorded in this narrative.
FIR/2024/00467,Athwa PS,Surat,2024-02-22,Cattle Theft,,Meena Desai,cattle shed,entered the farm at night,dairy farmer,,Complainant reported a cattle theft incident at cattle shed. An accused person was described as Meena Desai. Modus operandi: entered the farm at night. Victim profile: dairy farmer. No established connection to another FIR is recorded in this narrative.
FIR/2024/00468,Athwa PS,Surat,2024-01-17,Industrial Theft,,Deepak Rathod,construction site,tampered with gate lock,warehouse operator,,Complainant reported a industrial theft incident at construction site. An accused person was described as Deepak Rathod. Modus operandi: tampered with gate lock. Victim profile: warehouse operator. No established connection to another FIR is recorded in this narrative.
FIR/2024/00469,Alkapuri PS,Vadodara,2024-02-05,Cyber Fraud,,Seema Trivedi,online marketplace,sent a fake payment link,UPI user,,Complainant reported a cyber fraud incident at online marketplace. An accused person was described as Seema Trivedi. Modus operandi: sent a fake payment link. Victim profile: UPI user. No established connection to another FIR is recorded in this narrative.
FIR/2024/00470,Chandkheda PS,Ahmedabad,2024-03-20,Extortion,,Seema Joshi,social media,demanded payment to stop harassment,student,,Complainant reported a extortion incident at social media. An accused person was described as Seema Joshi. Modus operandi: demanded payment to stop harassment. Victim profile: student. No established connection to another FIR is recorded in this narrative.
FIR/2024/00471,Athwa PS,Surat,2024-02-22,Vehicle Theft,,Suresh Joshi,residential lane,used duplicate key,adult male vehicle owner,,Complainant reported a vehicle theft incident at residential lane. An accused person was described as Suresh Joshi. Modus operandi: used duplicate key. Victim profile: adult male vehicle owner. No established connection to another FIR is recorded in this narrative.
FIR/2024/00472,Naranpura PS,Ahmedabad,2024-01-20,Cybercrime - Harassment,,Anjali Rao,social media,used stolen photographs,social media user,,Complainant reported a cybercrime - harassment incident at social media. An accused person was described as Anjali Rao. Modus operandi: used stolen photographs. Victim profile: social media user. No established connection to another FIR is recorded in this narrative.
FIR/2024/00473,Varachha PS,Surat,2024-03-05,Narcotics,,Priya Desai,bus stand,carried suspected contraband on motorcycle,public-order case,,Complainant reported a narcotics incident at bus stand. An accused person was described as Priya Desai. Modus operandi: carried suspected contraband on motorcycle. Victim profile: public-order case. No established connection to another FIR is recorded in this narrative.
FIR/2024/00474,Vastrapur PS,Ahmedabad,2024-01-25,Cattle Theft,,Meena Iyer,cattle shed,transported animals in a vehicle,dairy farmer,,Complainant reported a cattle theft incident at cattle shed. An accused person was described as Meena Iyer. Modus operandi: transported animals in a vehicle. Victim profile: dairy farmer. No established connection to another FIR is recorded in this narrative.
FIR/2024/00475,Vastrapur PS,Ahmedabad,2024-02-24,Burglary,,Kavita Rao,residence,broke door lock,family residence,,Complainant reported a burglary incident at residence. An accused person was described as Kavita Rao. Modus operandi: broke door lock. Victim profile: family residence. No established connection to another FIR is recorded in this narrative.
FIR/2024/00476,Athwa PS,Surat,2024-03-09,Cyber Fraud,,Ritika Thakor,online banking account,posed as a bank official and requested OTP,UPI user,,Complainant reported a cyber fraud incident at online banking account. An accused person was described as Ritika Thakor. Modus operandi: posed as a bank official and requested OTP. Victim profile: UPI user. No established connection to another FIR is recorded in this narrative.
FIR/2024/00477,Bopal PS,Ahmedabad,2024-03-17,Cybercrime - Harassment,,Vijay Rathod,online account,sent repeated abusive messages,young adult,,Complainant reported a cybercrime - harassment incident at online account. An accused person was described as Vijay Rathod. Modus operandi: sent repeated abusive messages. Victim profile: young adult. No established connection to another FIR is recorded in this narrative.
FIR/2024/00478,Karelibaug PS,Vadodara,2024-03-24,Assault,,Kavita Desai,residential society,assault with a blunt object,adult female,,Complainant reported a assault incident at residential society. An accused person was described as Kavita Desai. Modus operandi: assault with a blunt object. Victim profile: adult female. No established connection to another FIR is recorded in this narrative.
FIR/2024/00479,Chandkheda PS,Ahmedabad,2024-02-22,Kidnapping,,Falguni Rao,market area,lured the victim into a vehicle,minor,,Complainant reported a kidnapping incident at market area. An accused person was described as Falguni Rao. Modus operandi: lured the victim into a vehicle. Victim profile: minor. No established connection to another FIR is recorded in this narrative.
FIR/2024/00480,Naranpura PS,Ahmedabad,2024-03-17,Burglary,,Suresh Prajapati,office,cut a grill,office manager,,Complainant reported a burglary incident at office. An accused person was described as Suresh Prajapati. Modus operandi: cut a grill. Victim profile: office manager. No established connection to another FIR is recorded in this narrative.
FIR/2024/00481,Paldi PS,Ahmedabad,2024-02-20,Assault,,Ritika Prajapati,residential society,road-rage confrontation,adult male,,Complainant reported a assault incident at residential society. An accused person was described as Ritika Prajapati. Modus operandi: road-rage confrontation. Victim profile: adult male. No established connection to another FIR is recorded in this narrative.
FIR/2024/00482,Alkapuri PS,Vadodara,2024-02-07,Cybercrime - Harassment,,Amit Chauhan,online account,sent repeated abusive messages,young adult,,Complainant reported a cybercrime - harassment incident at online account. An accused person was described as Amit Chauhan. Modus operandi: sent repeated abusive messages. Victim profile: young adult. No established connection to another FIR is recorded in this narrative.
FIR/2024/00483,Karelibaug PS,Vadodara,2024-03-16,Kidnapping,,Meena Patel,residential street,attempted abduction near a public place,young adult,,Complainant reported a kidnapping incident at residential street. An accused person was described as Meena Patel. Modus operandi: attempted abduction near a public place. Victim profile: young adult. No established connection to another FIR is recorded in this narrative.
FIR/2024/00484,Karelibaug PS,Vadodara,2024-02-23,Cattle Theft,,Suresh Chauhan,cattle shed,entered the farm at night,dairy farmer,,Complainant reported a cattle theft incident at cattle shed. An accused person was described as Suresh Chauhan. Modus operandi: entered the farm at night. Victim profile: dairy farmer. No established connection to another FIR is recorded in this narrative.
FIR/2024/00485,Varachha PS,Surat,2024-01-22,Narcotics,,Vijay Desai,warehouse area,transported packets in a backpack,suspected trafficking case,,Complainant reported a narcotics incident at warehouse area. An accused person was described as Vijay Desai. Modus operandi: transported packets in a backpack. Victim profile: suspected trafficking case. No established connection to another FIR is recorded in this narrative.
FIR/2024/00486,Sector 12 PS,Ahmedabad,2024-02-25,Financial Fraud,,Bhavna Rathod,online investment platform,posed as an investment agent,small business owner,,Complainant reported a financial fraud incident at online investment platform. An accused person was described as Bhavna Rathod. Modus operandi: posed as an investment agent. Victim profile: small business owner. No established connection to another FIR is recorded in this narrative.
FIR/2024/00487,Vastrapur PS,Ahmedabad,2024-02-11,Burglary,,Rahul Solanki,warehouse,forced rear window,small business owner,,Complainant reported a burglary incident at warehouse. An accused person was described as Rahul Solanki. Modus operandi: forced rear window. Victim profile: small business owner. No established connection to another FIR is recorded in this narrative.
FIR/2024/00488,Alkapuri PS,Vadodara,2024-01-28,Kidnapping,,Neha Iyer,residential street,abducted the victim during transit,minor,,Complainant reported a kidnapping incident at residential street. An accused person was described as Neha Iyer. Modus operandi: abducted the victim during transit. Victim profile: minor. No established connection to another FIR is recorded in this narrative.
FIR/2024/00489,Bopal PS,Ahmedabad,2024-03-11,Robbery,,Karan Yadav,general store,used physical intimidation,delivery employee,,Complainant reported a robbery incident at general store. An accused person was described as Karan Yadav. Modus operandi: used physical intimidation. Victim profile: delivery employee. No established connection to another FIR is recorded in this narrative.
FIR/2024/00490,Bopal PS,Ahmedabad,2024-02-20,Kidnapping,,Meena Chauhan,school vicinity,forced the victim into a vehicle,adult female,,Complainant reported a kidnapping incident at school vicinity. An accused person was described as Meena Chauhan. Modus operandi: forced the victim into a vehicle. Victim profile: adult female. No established connection to another FIR is recorded in this narrative.
FIR/2024/00491,Bopal PS,Ahmedabad,2024-01-14,Cattle Theft,,Amit Iyer,village road,transported animals in a vehicle,dairy farmer,,Complainant reported a cattle theft incident at village road. An accused person was described as Amit Iyer. Modus operandi: transported animals in a vehicle. Victim profile: dairy farmer. No established connection to another FIR is recorded in this narrative.
FIR/2024/00492,Paldi PS,Ahmedabad,2024-02-08,Kidnapping,,Seema Chauhan,residential street,lured the victim into a vehicle,adult male,,Complainant reported a kidnapping incident at residential street. An accused person was described as Seema Chauhan. Modus operandi: lured the victim into a vehicle. Victim profile: adult male. No established connection to another FIR is recorded in this narrative.
FIR/2024/00493,Bopal PS,Ahmedabad,2024-03-14,Assault,,Kavita Rathod,market,attack following an argument,shop employee,,Complainant reported a assault incident at market. An accused person was described as Kavita Rathod. Modus operandi: attack following an argument. Victim profile: shop employee. No established connection to another FIR is recorded in this narrative.
FIR/2024/00494,Karelibaug PS,Vadodara,2024-03-18,Kidnapping,,Meena Yadav,school vicinity,forced the victim into a vehicle,adult male,,Complainant reported a kidnapping incident at school vicinity. An accused person was described as Meena Yadav. Modus operandi: forced the victim into a vehicle. Victim profile: adult male. No established connection to another FIR is recorded in this narrative.
FIR/2024/00495,Bopal PS,Ahmedabad,2024-01-11,Chain Snatching,,Anjali Patel,bus stop,approached on motorcycle and fled,adult female pedestrian,,Complainant reported a chain snatching incident at bus stop. An accused person was described as Anjali Patel. Modus operandi: approached on motorcycle and fled. Victim profile: adult female pedestrian. No established connection to another FIR is recorded in this narrative.
FIR/2024/00496,Athwa PS,Surat,2024-01-22,Robbery,V,male wearing a dark hooded jacket,cash collection point,snatched cash and fled,shopkeeper,,Complainant reported a robbery incident at cash collection point. The accused was described as male wearing a dark hooded jacket and identified in the report as V. Shah. Modus operandi: snatched cash and fled. Victim profile: shopkeeper. Investigation is ongoing and the possible connection to other cases requires verification.
FIR/2024/00497,Bopal PS,Ahmedabad,2024-03-28,Chain Snatching,,Neha Patel,residential street,targeted pedestrian and escaped on motorcycle,adult male pedestrian,,Complainant reported a chain snatching incident at residential street. An accused person was described as Neha Patel. Modus operandi: targeted pedestrian and escaped on motorcycle. Victim profile: adult male pedestrian. No established connection to another FIR is recorded in this narrative.
FIR/2024/00498,Paldi PS,Ahmedabad,2024-03-04,Chain Snatching,,Seema Rathod,cross-road,targeted pedestrian and escaped on motorcycle,adult male pedestrian,,Complainant reported a chain snatching incident at cross-road. An accused person was described as Seema Rathod. Modus operandi: targeted pedestrian and escaped on motorcycle. Victim profile: adult male pedestrian. No established connection to another FIR is recorded in this narrative.
FIR/2024/00499,Vastrapur PS,Ahmedabad,2024-02-01,Chain Snatching,Iqbal S.,"male rider on a black motorcycle, no helmet",lake road,targeted pedestrian and escaped on motorcycle,adult female pedestrian,,"Complainant reported a chain snatching incident at lake road. The accused was described as male rider on a black motorcycle, no helmet and identified in the report as Iqbal S.. Modus operandi: targeted pedestrian and escaped on motorcycle. Victim profile: adult female pedestrian. Investigation is ongoing and the possible connection to other cases requires verification."
FIR/2024/00500,Alkapuri PS,Vadodara,2024-02-19,Assault,,Falguni Shah,parking area,assault with a blunt object,adult female,,Complainant reported a assault incident at parking area. An accused person was described as Falguni Shah. Modus operandi: assault with a blunt object. Victim profile: adult female. No established connection to another FIR is recorded in this narrative.
